Name,Longitude,Latitude,Elevation (m),Date,ppt (mm),tmean (degrees C)
1,-111.5016,37.0704,1211,1991-01,13.57,0.6
1,-111.5016,37.0704,1211,1991-02,1.8,6.3
1,-111.5016,37.0704,1211,1991-03,19.64,7.5
1,-111.5016,37.0704,1211,1991-04,0.42,13.2
1,-111.5016,37.0704,1211,1991-05,1.2,18.2
1,-111.5016,37.0704,1211,1991-06,3.43,24.3
1,-111.5016,37.0704,1211,1991-07,15.77,27.6
1,-111.5016,37.0704,1211,1991-08,12.56,27.7
1,-111.5016,37.0704,1211,1991-09,15.23,23
1,-111.5016,37.0704,1211,1991-10,9.32,17.8
1,-111.5016,37.0704,1211,1991-11,17.35,7.3
1,-111.5016,37.0704,1211,1991-12,20.63,1.6
1,-111.5016,37.0704,1211,1992-01,19.56,-0.2
1,-111.5016,37.0704,1211,1992-02,17.85,6.2
1,-111.5016,37.0704,1211,1992-03,45.4,10.5
1,-111.5016,37.0704,1211,1992-04,1.57,17.3
1,-111.5016,37.0704,1211,1992-05,44.62,20.7
1,-111.5016,37.0704,1211,1992-06,3.81,24.1
1,-111.5016,37.0704,1211,1992-07,19.22,26.3
1,-111.5016,37.0704,1211,1992-08,44.59,27
1,-111.5016,37.0704,1211,1992-09,31.73,22.3
1,-111.5016,37.0704,1211,1992-10,31.3,17.1
1,-111.5016,37.0704,1211,1992-11,1.42,6.1
1,-111.5016,37.0704,1211,1992-12,17.97,-1.1
1,-111.5016,37.0704,1211,1993-01,73.17,2.9
1,-111.5016,37.0704,1211,1993-02,49.69,5.3
1,-111.5016,37.0704,1211,1993-03,21.47,10.7
1,-111.5016,37.0704,1211,1993-04,3.18,14.6
1,-111.5016,37.0704,1211,1993-05,11.21,20.1
1,-111.5016,37.0704,1211,1993-06,0.53,24
1,-111.5016,37.0704,1211,1993-07,0,27.5
1,-111.5016,37.0704,1211,1993-08,14.24,26.2
1,-111.5016,37.0704,1211,1993-09,0.45,22.1
1,-111.5016,37.0704,1211,1993-10,36.39,14.9
1,-111.5016,37.0704,1211,1993-11,11.4,6.7
1,-111.5016,37.0704,1211,1993-12,1.1,2.3
1,-111.5016,37.0704,1211,1994-01,4.55,3.2
1,-111.5016,37.0704,1211,1994-02,17.33,3.3
1,-111.5016,37.0704,1211,1994-03,5.3,11.5
1,-111.5016,37.0704,1211,1994-04,14.13,14.1
1,-111.5016,37.0704,1211,1994-05,12.83,19.7
1,-111.5016,37.0704,1211,1994-06,4.83,27.9
1,-111.5016,37.0704,1211,1994-07,5.32,29.5
1,-111.5016,37.0704,1211,1994-08,19.78,29.1
1,-111.5016,37.0704,1211,1994-09,9.89,23.7
1,-111.5016,37.0704,1211,1994-10,9.45,14.5
1,-111.5016,37.0704,1211,1994-11,12.62,5.6
1,-111.5016,37.0704,1211,1994-12,19.99,3.3
1,-111.5016,37.0704,1211,1995-01,26.38,3
1,-111.5016,37.0704,1211,1995-02,8.01,8.5
1,-111.5016,37.0704,1211,1995-03,29.44,10.5
1,-111.5016,37.0704,1211,1995-04,26.04,13.1
1,-111.5016,37.0704,1211,1995-05,16.61,17.5
1,-111.5016,37.0704,1211,1995-06,1.04,22.4
1,-111.5016,37.0704,1211,1995-07,18.49,28.2
1,-111.5016,37.0704,1211,1995-08,23.54,28.3
1,-111.5016,37.0704,1211,1995-09,4.69,23.8
1,-111.5016,37.0704,1211,1995-10,0,15.9
1,-111.5016,37.0704,1211,1995-11,7.66,10.4
1,-111.5016,37.0704,1211,1995-12,12.57,4.8
1,-111.5016,37.0704,1211,1996-01,4.12,3.5
1,-111.5016,37.0704,1211,1996-02,17.05,7.4
1,-111.5016,37.0704,1211,1996-03,7.08,10.3
1,-111.5016,37.0704,1211,1996-04,2.21,15.2
1,-111.5016,37.0704,1211,1996-05,8.1,22
1,-111.5016,37.0704,1211,1996-06,0.59,27
1,-111.5016,37.0704,1211,1996-07,3.32,30.2
1,-111.5016,37.0704,1211,1996-08,6.59,28.4
1,-111.5016,37.0704,1211,1996-09,15.43,21.5
1,-111.5016,37.0704,1211,1996-10,35,14.6
1,-111.5016,37.0704,1211,1996-11,27.05,8
1,-111.5016,37.0704,1211,1996-12,6.94,3.7
1,-111.5016,37.0704,1211,1997-01,18.23,3.2
1,-111.5016,37.0704,1211,1997-02,6.39,4.9
1,-111.5016,37.0704,1211,1997-03,0.01,10.6
1,-111.5016,37.0704,1211,1997-04,38.57,12.5
1,-111.5016,37.0704,1211,1997-05,7.36,21.8
1,-111.5016,37.0704,1211,1997-06,3.95,25.4
1,-111.5016,37.0704,1211,1997-07,12.06,27.8
1,-111.5016,37.0704,1211,1997-08,20.59,26.9
1,-111.5016,37.0704,1211,1997-09,76.43,22.8
1,-111.5016,37.0704,1211,1997-10,17.16,14.5
1,-111.5016,37.0704,1211,1997-11,6.81,8.9
1,-111.5016,37.0704,1211,1997-12,4.65,2.8
1,-111.5016,37.0704,1211,1998-01,3.74,3.9
1,-111.5016,37.0704,1211,1998-02,17.82,4.7
1,-111.5016,37.0704,1211,1998-03,16.01,9.3
1,-111.5016,37.0704,1211,1998-04,10.81,12.4
1,-111.5016,37.0704,1211,1998-05,7.66,18.5
1,-111.5016,37.0704,1211,1998-06,3.31,23.1
1,-111.5016,37.0704,1211,1998-07,8.71,29
1,-111.5016,37.0704,1211,1998-08,7.01,27.8
1,-111.5016,37.0704,1211,1998-09,56.27,22.2
1,-111.5016,37.0704,1211,1998-10,59.08,14.3
1,-111.5016,37.0704,1211,1998-11,14.96,8
1,-111.5016,37.0704,1211,1998-12,5.39,2.6
1,-111.5016,37.0704,1211,1999-01,2.17,5.1
1,-111.5016,37.0704,1211,1999-02,5.47,6.5
1,-111.5016,37.0704,1211,1999-03,0.76,11.5
1,-111.5016,37.0704,1211,1999-04,20.11,11.6
1,-111.5016,37.0704,1211,1999-05,10.25,18.3
1,-111.5016,37.0704,1211,1999-06,4.45,24.4
1,-111.5016,37.0704,1211,1999-07,39.57,27.6
1,-111.5016,37.0704,1211,1999-08,33.79,25.6
1,-111.5016,37.0704,1211,1999-09,8.48,21.8
1,-111.5016,37.0704,1211,1999-10,0,16.4
1,-111.5016,37.0704,1211,1999-11,0,9.1
1,-111.5016,37.0704,1211,1999-12,1.46,2.9
1,-111.5016,37.0704,1211,2000-01,6.86,5
1,-111.5016,37.0704,1211,2000-02,11.21,6.5
1,-111.5016,37.0704,1211,2000-03,20.37,9.7
1,-111.5016,37.0704,1211,2000-04,2.09,17.2
1,-111.5016,37.0704,1211,2000-05,4.57,22.6
1,-111.5016,37.0704,1211,2000-06,3.22,27.3
1,-111.5016,37.0704,1211,2000-07,6.44,29.3
1,-111.5016,37.0704,1211,2000-08,25.14,28.5
1,-111.5016,37.0704,1211,2000-09,2.31,23.5
1,-111.5016,37.0704,1211,2000-10,85.68,15.8
1,-111.5016,37.0704,1211,2000-11,3.74,5.1
1,-111.5016,37.0704,1211,2000-12,4.24,3.8
1,-111.5016,37.0704,1211,2001-01,25.21,2.4
1,-111.5016,37.0704,1211,2001-02,20.75,5.4
1,-111.5016,37.0704,1211,2001-03,21.77,10.8
1,-111.5016,37.0704,1211,2001-04,7.09,14.4
1,-111.5016,37.0704,1211,2001-05,6.19,21.9
1,-111.5016,37.0704,1211,2001-06,11.68,26.3
1,-111.5016,37.0704,1211,2001-07,29.09,28.2
1,-111.5016,37.0704,1211,2001-08,21.48,27.1
1,-111.5016,37.0704,1211,2001-09,12.35,24.3
1,-111.5016,37.0704,1211,2001-10,3.75,17.6
1,-111.5016,37.0704,1211,2001-11,10.1,9.5
1,-111.5016,37.0704,1211,2001-12,10.84,2
1,-111.5016,37.0704,1211,2002-01,2.99,2.6
1,-111.5016,37.0704,1211,2002-02,0.1,4.3
1,-111.5016,37.0704,1211,2002-03,3.2,8.2
1,-111.5016,37.0704,1211,2002-04,0.24,17.2
1,-111.5016,37.0704,1211,2002-05,0,20.7
1,-111.5016,37.0704,1211,2002-06,0,27.5
1,-111.5016,37.0704,1211,2002-07,2.49,30.9
1,-111.5016,37.0704,1211,2002-08,6.34,28.7
1,-111.5016,37.0704,1211,2002-09,39.19,22.7
1,-111.5016,37.0704,1211,2002-10,18.66,14.5
1,-111.5016,37.0704,1211,2002-11,8.82,7.8
1,-111.5016,37.0704,1211,2002-12,9.24,2.9
1,-111.5016,37.0704,1211,2003-01,2.72,5.7
1,-111.5016,37.0704,1211,2003-02,26.81,6
1,-111.5016,37.0704,1211,2003-03,6.52,10.2
1,-111.5016,37.0704,1211,2003-04,7.74,13.2
1,-111.5016,37.0704,1211,2003-05,6.89,20.9
1,-111.5016,37.0704,1211,2003-06,0,26.3
1,-111.5016,37.0704,1211,2003-07,0.89,31.5
1,-111.5016,37.0704,1211,2003-08,21.45,28.1
1,-111.5016,37.0704,1211,2003-09,3.56,23.8
1,-111.5016,37.0704,1211,2003-10,12.53,18.1
1,-111.5016,37.0704,1211,2003-11,19.17,7.7
1,-111.5016,37.0704,1211,2003-12,5.33,2.7
1,-111.5016,37.0704,1211,2004-01,2.75,1.5
1,-111.5016,37.0704,1211,2004-02,27.13,2.9
1,-111.5016,37.0704,1211,2004-03,1.38,13.3
1,-111.5016,37.0704,1211,2004-04,18.74,14.5
1,-111.5016,37.0704,1211,2004-05,0,20.9
1,-111.5016,37.0704,1211,2004-06,2.12,25.9
1,-111.5016,37.0704,1211,2004-07,10.09,28.3
1,-111.5016,37.0704,1211,2004-08,29.24,26.6
1,-111.5016,37.0704,1211,2004-09,45.23,21.8
1,-111.5016,37.0704,1211,2004-10,46.16,14.8
1,-111.5016,37.0704,1211,2004-11,43.41,7.4
1,-111.5016,37.0704,1211,2004-12,23.07,2.7
1,-111.5016,37.0704,1211,2005-01,57.39,5.1
1,-111.5016,37.0704,1211,2005-02,53.7,6.2
1,-111.5016,37.0704,1211,2005-03,17.31,9.4
1,-111.5016,37.0704,1211,2005-04,27.26,13.1
1,-111.5016,37.0704,1211,2005-05,3.37,19.7
1,-111.5016,37.0704,1211,2005-06,4.63,23.4
1,-111.5016,37.0704,1211,2005-07,8.51,29.7
1,-111.5016,37.0704,1211,2005-08,29.64,25.7
1,-111.5016,37.0704,1211,2005-09,6.66,22.5
1,-111.5016,37.0704,1211,2005-10,32.04,15.3
1,-111.5016,37.0704,1211,2005-11,0,8.7
1,-111.5016,37.0704,1211,2005-12,1.37,2.4
,,,,,,
2,-113.8104,37.661,1691,1991-01,15.26,-3.6
2,-113.8104,37.661,1691,1991-02,9.7,3.1
2,-113.8104,37.661,1691,1991-03,88.72,2.5
2,-113.8104,37.661,1691,1991-04,3.63,6.1
2,-113.8104,37.661,1691,1991-05,29.82,10.3
2,-113.8104,37.661,1691,1991-06,19.7,16.4
2,-113.8104,37.661,1691,1991-07,11.36,22
2,-113.8104,37.661,1691,1991-08,17.56,21.3
2,-113.8104,37.661,1691,1991-09,47.19,17.1
2,-113.8104,37.661,1691,1991-10,55.16,11.4
2,-113.8104,37.661,1691,1991-11,38.2,2.7
2,-113.8104,37.661,1691,1991-12,25.94,-2.4
2,-113.8104,37.661,1691,1992-01,30.34,-3.4
2,-113.8104,37.661,1691,1992-02,68.76,3
2,-113.8104,37.661,1691,1992-03,127.16,5.2
2,-113.8104,37.661,1691,1992-04,5.16,11.3
2,-113.8104,37.661,1691,1992-05,43.19,14.4
2,-113.8104,37.661,1691,1992-06,7.26,17.8
2,-113.8104,37.661,1691,1992-07,12.27,20.6
2,-113.8104,37.661,1691,1992-08,40.95,21.7
2,-113.8104,37.661,1691,1992-09,5.75,17.1
2,-113.8104,37.661,1691,1992-10,56.21,12.4
2,-113.8104,37.661,1691,1992-11,2.64,1.3
2,-113.8104,37.661,1691,1992-12,50.27,-3.8
2,-113.8104,37.661,1691,1993-01,126.17,-1.3
2,-113.8104,37.661,1691,1993-02,110.48,-1.1
2,-113.8104,37.661,1691,1993-03,29.62,5.6
2,-113.8104,37.661,1691,1993-04,11.8,8
2,-113.8104,37.661,1691,1993-05,18.57,13.2
2,-113.8104,37.661,1691,1993-06,25.12,16.3
2,-113.8104,37.661,1691,1993-07,3.7,20.3
2,-113.8104,37.661,1691,1993-08,21.11,20.5
2,-113.8104,37.661,1691,1993-09,0.31,15.9
2,-113.8104,37.661,1691,1993-10,34.34,9.7
2,-113.8104,37.661,1691,1993-11,21.76,1.2
2,-113.8104,37.661,1691,1993-12,11.51,-1.3
2,-113.8104,37.661,1691,1994-01,7.54,0.7
2,-113.8104,37.661,1691,1994-02,68.4,-0.5
2,-113.8104,37.661,1691,1994-03,27.66,6.3
2,-113.8104,37.661,1691,1994-04,36.05,8.4
2,-113.8104,37.661,1691,1994-05,15.09,13.2
2,-113.8104,37.661,1691,1994-06,10.09,20.7
2,-113.8104,37.661,1691,1994-07,5.38,23.2
2,-113.8104,37.661,1691,1994-08,26.47,22.6
2,-113.8104,37.661,1691,1994-09,14.99,18.1
2,-113.8104,37.661,1691,1994-10,60.82,9.1
2,-113.8104,37.661,1691,1994-11,73.86,-1.1
2,-113.8104,37.661,1691,1994-12,34,-0.9
2,-113.8104,37.661,1691,1995-01,85.71,-0.2
2,-113.8104,37.661,1691,1995-02,25.31,5.5
2,-113.8104,37.661,1691,1995-03,146.11,4.7
2,-113.8104,37.661,1691,1995-04,34.92,6.2
2,-113.8104,37.661,1691,1995-05,50.34,9.9
2,-113.8104,37.661,1691,1995-06,49.09,14.4
2,-113.8104,37.661,1691,1995-07,3.82,20.6
2,-113.8104,37.661,1691,1995-08,16.52,21.5
2,-113.8104,37.661,1691,1995-09,10.66,17.5
2,-113.8104,37.661,1691,1995-10,0,10.1
2,-113.8104,37.661,1691,1995-11,3.21,6.3
2,-113.8104,37.661,1691,1995-12,16.62,0.2
2,-113.8104,37.661,1691,1996-01,15.78,0.3
2,-113.8104,37.661,1691,1996-02,43.71,3
2,-113.8104,37.661,1691,1996-03,24.88,5
2,-113.8104,37.661,1691,1996-04,6.05,8.3
2,-113.8104,37.661,1691,1996-05,22.01,14.4
2,-113.8104,37.661,1691,1996-06,0,19.6
2,-113.8104,37.661,1691,1996-07,39.38,23.7
2,-113.8104,37.661,1691,1996-08,3.83,22.5
2,-113.8104,37.661,1691,1996-09,24.57,16.2
2,-113.8104,37.661,1691,1996-10,22.84,9.3
2,-113.8104,37.661,1691,1996-11,59.94,4.5
2,-113.8104,37.661,1691,1996-12,38.97,0.5
2,-113.8104,37.661,1691,1997-01,66.12,-1.2
2,-113.8104,37.661,1691,1997-02,13.68,0.9
2,-113.8104,37.661,1691,1997-03,2.77,6.3
2,-113.8104,37.661,1691,1997-04,22.03,7
2,-113.8104,37.661,1691,1997-05,13.41,14.6
2,-113.8104,37.661,1691,1997-06,8.1,18.4
2,-113.8104,37.661,1691,1997-07,9.2,21.1
2,-113.8104,37.661,1691,1997-08,51.65,21.9
2,-113.8104,37.661,1691,1997-09,128.4,17.3
2,-113.8104,37.661,1691,1997-10,9.94,9.9
2,-113.8104,37.661,1691,1997-11,33.78,4.9
2,-113.8104,37.661,1691,1997-12,25.92,-1.7
2,-113.8104,37.661,1691,1998-01,31.26,1.8
2,-113.8104,37.661,1691,1998-02,110.13,0.4
2,-113.8104,37.661,1691,1998-03,67.74,3.8
2,-113.8104,37.661,1691,1998-04,36.37,5.7
2,-113.8104,37.661,1691,1998-05,34.71,10.6
2,-113.8104,37.661,1691,1998-06,29.08,15.4
2,-113.8104,37.661,1691,1998-07,55.81,22
2,-113.8104,37.661,1691,1998-08,12.83,22.4
2,-113.8104,37.661,1691,1998-09,59.54,16.6
2,-113.8104,37.661,1691,1998-10,78.25,9
2,-113.8104,37.661,1691,1998-11,24.8,4
2,-113.8104,37.661,1691,1998-12,4.52,-1.3
2,-113.8104,37.661,1691,1999-01,9.44,1.4
2,-113.8104,37.661,1691,1999-02,25.32,2
2,-113.8104,37.661,1691,1999-03,6.67,5.8
2,-113.8104,37.661,1691,1999-04,43.02,5.4
2,-113.8104,37.661,1691,1999-05,10.38,11.7
2,-113.8104,37.661,1691,1999-06,38.12,17.9
2,-113.8104,37.661,1691,1999-07,48.83,21.9
2,-113.8104,37.661,1691,1999-08,37.7,20.6
2,-113.8104,37.661,1691,1999-09,12.51,16.5
2,-113.8104,37.661,1691,1999-10,2.47,11.7
2,-113.8104,37.661,1691,1999-11,6.16,6.9
2,-113.8104,37.661,1691,1999-12,1,-0.4
2,-113.8104,37.661,1691,2000-01,33.31,1.1
2,-113.8104,37.661,1691,2000-02,82.67,3
2,-113.8104,37.661,1691,2000-03,34.83,4.9
2,-113.8104,37.661,1691,2000-04,17.05,10.9
2,-113.8104,37.661,1691,2000-05,6.06,15.5
2,-113.8104,37.661,1691,2000-06,10.25,19.6
2,-113.8104,37.661,1691,2000-07,0.04,22.6
2,-113.8104,37.661,1691,2000-08,76.73,22.1
2,-113.8104,37.661,1691,2000-09,8.72,17.4
2,-113.8104,37.661,1691,2000-10,95.64,10.6
2,-113.8104,37.661,1691,2000-11,16.74,0
2,-113.8104,37.661,1691,2000-12,3.74,1.5
2,-113.8104,37.661,1691,2001-01,38.86,-1.3
2,-113.8104,37.661,1691,2001-02,41.4,0.2
2,-113.8104,37.661,1691,2001-03,42.04,5.5
2,-113.8104,37.661,1691,2001-04,38.78,7.8
2,-113.8104,37.661,1691,2001-05,3.99,15.1
2,-113.8104,37.661,1691,2001-06,3.37,19
2,-113.8104,37.661,1691,2001-07,16.68,21.9
2,-113.8104,37.661,1691,2001-08,42.9,22.1
2,-113.8104,37.661,1691,2001-09,0,18.2
2,-113.8104,37.661,1691,2001-10,10.59,12.4
2,-113.8104,37.661,1691,2001-11,26.62,5.2
2,-113.8104,37.661,1691,2001-12,22.06,-2.9
2,-113.8104,37.661,1691,2002-01,3.41,-0.9
2,-113.8104,37.661,1691,2002-02,2.44,0.5
2,-113.8104,37.661,1691,2002-03,11.58,2.8
2,-113.8104,37.661,1691,2002-04,6.21,10.6
2,-113.8104,37.661,1691,2002-05,0,13.3
2,-113.8104,37.661,1691,2002-06,0.98,20.8
2,-113.8104,37.661,1691,2002-07,15.24,24.9
2,-113.8104,37.661,1691,2002-08,1.69,22.4
2,-113.8104,37.661,1691,2002-09,39.35,17.7
2,-113.8104,37.661,1691,2002-10,42.95,9.5
2,-113.8104,37.661,1691,2002-11,16.12,3.3
2,-113.8104,37.661,1691,2002-12,17.32,0.1
2,-113.8104,37.661,1691,2003-01,3.77,3.8
2,-113.8104,37.661,1691,2003-02,65.24,1.1
2,-113.8104,37.661,1691,2003-03,37.48,4.7
2,-113.8104,37.661,1691,2003-04,27.8,7.9
2,-113.8104,37.661,1691,2003-05,9.38,13.8
2,-113.8104,37.661,1691,2003-06,0.01,19.7
2,-113.8104,37.661,1691,2003-07,9.33,25.2
2,-113.8104,37.661,1691,2003-08,35.81,22.7
2,-113.8104,37.661,1691,2003-09,14.68,18.3
2,-113.8104,37.661,1691,2003-10,1.46,14
2,-113.8104,37.661,1691,2003-11,26.49,2.6
2,-113.8104,37.661,1691,2003-12,48.12,0.8
2,-113.8104,37.661,1691,2004-01,11.34,-2.5
2,-113.8104,37.661,1691,2004-02,60.67,-1.3
2,-113.8104,37.661,1691,2004-03,4.34,8.1
2,-113.8104,37.661,1691,2004-04,30.39,9.5
2,-113.8104,37.661,1691,2004-05,12.73,13.8
2,-113.8104,37.661,1691,2004-06,4.31,19.8
2,-113.8104,37.661,1691,2004-07,33.21,22.8
2,-113.8104,37.661,1691,2004-08,18.47,21.3
2,-113.8104,37.661,1691,2004-09,17.35,16.7
2,-113.8104,37.661,1691,2004-10,159.18,10.3
2,-113.8104,37.661,1691,2004-11,52.69,2.7
2,-113.8104,37.661,1691,2004-12,65.36,0.6
2,-113.8104,37.661,1691,2005-01,121.85,2.2
2,-113.8104,37.661,1691,2005-02,82.89,2.1
2,-113.8104,37.661,1691,2005-03,60.06,4.7
2,-113.8104,37.661,1691,2005-04,52.91,7.2
2,-113.8104,37.661,1691,2005-05,21.16,13.4
2,-113.8104,37.661,1691,2005-06,44.72,16.9
2,-113.8104,37.661,1691,2005-07,19.58,23.8
2,-113.8104,37.661,1691,2005-08,64.02,21
2,-113.8104,37.661,1691,2005-09,9.09,16.2
2,-113.8104,37.661,1691,2005-10,47.34,11
2,-113.8104,37.661,1691,2005-11,8.39,5.4
2,-113.8104,37.661,1691,2005-12,13.26,0.4
,,,,,,
3,-110.7117,39.1918,2089,1991-01,13.24,-4.9
3,-110.7117,39.1918,2089,1991-02,7.11,1.2
3,-110.7117,39.1918,2089,1991-03,50.36,0.3
3,-110.7117,39.1918,2089,1991-04,18.46,4.8
3,-110.7117,39.1918,2089,1991-05,21,10.4
3,-110.7117,39.1918,2089,1991-06,33.15,16.6
3,-110.7117,39.1918,2089,1991-07,16.95,21.3
3,-110.7117,39.1918,2089,1991-08,28.24,20.5
3,-110.7117,39.1918,2089,1991-09,58.03,16.1
3,-110.7117,39.1918,2089,1991-10,24.73,10.2
3,-110.7117,39.1918,2089,1991-11,19.93,1
3,-110.7117,39.1918,2089,1991-12,9.15,-2.8
3,-110.7117,39.1918,2089,1992-01,16.67,-3.7
3,-110.7117,39.1918,2089,1992-02,41.57,0.5
3,-110.7117,39.1918,2089,1992-03,36.68,4.4
3,-110.7117,39.1918,2089,1992-04,8.82,10.7
3,-110.7117,39.1918,2089,1992-05,69.08,13.4
3,-110.7117,39.1918,2089,1992-06,14.03,17.1
3,-110.7117,39.1918,2089,1992-07,29,19.6
3,-110.7117,39.1918,2089,1992-08,16.66,21.1
3,-110.7117,39.1918,2089,1992-09,31.19,15.7
3,-110.7117,39.1918,2089,1992-10,35.44,11.7
3,-110.7117,39.1918,2089,1992-11,22.63,-0.7
3,-110.7117,39.1918,2089,1992-12,29.37,-5.5
3,-110.7117,39.1918,2089,1993-01,56.5,-3.5
3,-110.7117,39.1918,2089,1993-02,61.33,-2.7
3,-110.7117,39.1918,2089,1993-03,45.23,4.2
3,-110.7117,39.1918,2089,1993-04,18.58,6.1
3,-110.7117,39.1918,2089,1993-05,36.02,12.7
3,-110.7117,39.1918,2089,1993-06,16.78,15.9
3,-110.7117,39.1918,2089,1993-07,4.19,19
3,-110.7117,39.1918,2089,1993-08,23.92,19.3
3,-110.7117,39.1918,2089,1993-09,7.22,15.3
3,-110.7117,39.1918,2089,1993-10,60.8,8.2
3,-110.7117,39.1918,2089,1993-11,24.28,-1.1
3,-110.7117,39.1918,2089,1993-12,8.31,-3.6
3,-110.7117,39.1918,2089,1994-01,6.52,-1.4
3,-110.7117,39.1918,2089,1994-02,34.21,-3.2
3,-110.7117,39.1918,2089,1994-03,7.03,4.8
3,-110.7117,39.1918,2089,1994-04,49.39,7.5
3,-110.7117,39.1918,2089,1994-05,9.28,13.4
3,-110.7117,39.1918,2089,1994-06,6.72,20.3
3,-110.7117,39.1918,2089,1994-07,3.74,22.8
3,-110.7117,39.1918,2089,1994-08,28.03,22.2
3,-110.7117,39.1918,2089,1994-09,44.18,16.7
3,-110.7117,39.1918,2089,1994-10,60.67,7.9
3,-110.7117,39.1918,2089,1994-11,30,-1.3
3,-110.7117,39.1918,2089,1994-12,18.13,-1.8
3,-110.7117,39.1918,2089,1995-01,33.27,-3.4
3,-110.7117,39.1918,2089,1995-02,12.56,3.4
3,-110.7117,39.1918,2089,1995-03,44.36,2.9
3,-110.7117,39.1918,2089,1995-04,48.51,5.7
3,-110.7117,39.1918,2089,1995-05,79.16,8.7
3,-110.7117,39.1918,2089,1995-06,29.13,14.6
3,-110.7117,39.1918,2089,1995-07,26.9,20.1
3,-110.7117,39.1918,2089,1995-08,42.64,21.3
3,-110.7117,39.1918,2089,1995-09,27.34,16.6
3,-110.7117,39.1918,2089,1995-10,5.61,8.6
3,-110.7117,39.1918,2089,1995-11,12.06,4.5
3,-110.7117,39.1918,2089,1995-12,16.96,-0.4
3,-110.7117,39.1918,2089,1996-01,35.78,-2.9
3,-110.7117,39.1918,2089,1996-02,29.09,0.2
3,-110.7117,39.1918,2089,1996-03,37.56,2.8
3,-110.7117,39.1918,2089,1996-04,9.86,6.8
3,-110.7117,39.1918,2089,1996-05,33.93,13.2
3,-110.7117,39.1918,2089,1996-06,11.87,19.2
3,-110.7117,39.1918,2089,1996-07,10.86,22.8
3,-110.7117,39.1918,2089,1996-08,4.47,21.8
3,-110.7117,39.1918,2089,1996-09,57.16,14.2
3,-110.7117,39.1918,2089,1996-10,28.31,8.4
3,-110.7117,39.1918,2089,1996-11,41.51,2
3,-110.7117,39.1918,2089,1996-12,28.83,-3.3
3,-110.7117,39.1918,2089,1997-01,56.02,-3
3,-110.7117,39.1918,2089,1997-02,13.6,-2.8
3,-110.7117,39.1918,2089,1997-03,4.11,4
3,-110.7117,39.1918,2089,1997-04,41.06,4.9
3,-110.7117,39.1918,2089,1997-05,35.36,13.2
3,-110.7117,39.1918,2089,1997-06,32.34,18.3
3,-110.7117,39.1918,2089,1997-07,30.08,19.9
3,-110.7117,39.1918,2089,1997-08,59.12,19.8
3,-110.7117,39.1918,2089,1997-09,96.31,15.1
3,-110.7117,39.1918,2089,1997-10,34.58,8.7
3,-110.7117,39.1918,2089,1997-11,18.36,1.8
3,-110.7117,39.1918,2089,1997-12,11.01,-3.3
3,-110.7117,39.1918,2089,1998-01,24.07,-1.3
3,-110.7117,39.1918,2089,1998-02,63.59,-1.8
3,-110.7117,39.1918,2089,1998-03,19.47,2.2
3,-110.7117,39.1918,2089,1998-04,20.59,5.2
3,-110.7117,39.1918,2089,1998-05,21.72,11.6
3,-110.7117,39.1918,2089,1998-06,34.52,14.8
3,-110.7117,39.1918,2089,1998-07,35.26,22.8
3,-110.7117,39.1918,2089,1998-08,23.37,21.3
3,-110.7117,39.1918,2089,1998-09,40.97,16.9
3,-110.7117,39.1918,2089,1998-10,55.01,8.6
3,-110.7117,39.1918,2089,1998-11,23.46,2.4
3,-110.7117,39.1918,2089,1998-12,4,-2.6
3,-110.7117,39.1918,2089,1999-01,23.7,-0.5
3,-110.7117,39.1918,2089,1999-02,17.12,-0.2
3,-110.7117,39.1918,2089,1999-03,4.32,5
3,-110.7117,39.1918,2089,1999-04,62.23,4.3
3,-110.7117,39.1918,2089,1999-05,23.17,10.4
3,-110.7117,39.1918,2089,1999-06,22.13,16.8
3,-110.7117,39.1918,2089,1999-07,50.69,21.5
3,-110.7117,39.1918,2089,1999-08,58.57,19.3
3,-110.7117,39.1918,2089,1999-09,24.58,14.9
3,-110.7117,39.1918,2089,1999-10,2.07,11.3
3,-110.7117,39.1918,2089,1999-11,1.71,6.4
3,-110.7117,39.1918,2089,1999-12,12.96,-1.7
3,-110.7117,39.1918,2089,2000-01,31.08,-0.8
3,-110.7117,39.1918,2089,2000-02,53.77,0.8
3,-110.7117,39.1918,2089,2000-03,26.22,2.7
3,-110.7117,39.1918,2089,2000-04,5.33,9.7
3,-110.7117,39.1918,2089,2000-05,29.18,14.3
3,-110.7117,39.1918,2089,2000-06,22.06,18.7
3,-110.7117,39.1918,2089,2000-07,11.37,22.8
3,-110.7117,39.1918,2089,2000-08,26.51,22.1
3,-110.7117,39.1918,2089,2000-09,28.68,16.1
3,-110.7117,39.1918,2089,2000-10,87.46,9.3
3,-110.7117,39.1918,2089,2000-11,11.35,-1.9
3,-110.7117,39.1918,2089,2000-12,14.23,-1.1
3,-110.7117,39.1918,2089,2001-01,29.08,-2.7
3,-110.7117,39.1918,2089,2001-02,35.41,-1.4
3,-110.7117,39.1918,2089,2001-03,26.6,3.9
3,-110.7117,39.1918,2089,2001-04,28.5,7.6
3,-110.7117,39.1918,2089,2001-05,21.78,14.3
3,-110.7117,39.1918,2089,2001-06,9.65,18.8
3,-110.7117,39.1918,2089,2001-07,22.39,22
3,-110.7117,39.1918,2089,2001-08,27.53,21.5
3,-110.7117,39.1918,2089,2001-09,10.23,18.4
3,-110.7117,39.1918,2089,2001-10,11.78,11.1
3,-110.7117,39.1918,2089,2001-11,31.28,3.7
3,-110.7117,39.1918,2089,2001-12,16.61,-4.3
3,-110.7117,39.1918,2089,2002-01,5.48,-4.1
3,-110.7117,39.1918,2089,2002-02,6.2,-2
3,-110.7117,39.1918,2089,2002-03,14.22,1
3,-110.7117,39.1918,2089,2002-04,8.23,9.3
3,-110.7117,39.1918,2089,2002-05,2.11,12.8
3,-110.7117,39.1918,2089,2002-06,3.69,20.6
3,-110.7117,39.1918,2089,2002-07,17.03,24.4
3,-110.7117,39.1918,2089,2002-08,7.3,21.5
3,-110.7117,39.1918,2089,2002-09,84.54,15.5
3,-110.7117,39.1918,2089,2002-10,34.34,8.5
3,-110.7117,39.1918,2089,2002-11,26.42,1.8
3,-110.7117,39.1918,2089,2002-12,14.43,-1.8
3,-110.7117,39.1918,2089,2003-01,6.76,1.6
3,-110.7117,39.1918,2089,2003-02,24.73,-1.5
3,-110.7117,39.1918,2089,2003-03,31.83,3
3,-110.7117,39.1918,2089,2003-04,14.16,7
3,-110.7117,39.1918,2089,2003-05,24.69,13.4
3,-110.7117,39.1918,2089,2003-06,8.22,18
3,-110.7117,39.1918,2089,2003-07,5.59,25.2
3,-110.7117,39.1918,2089,2003-08,35.44,21.8
3,-110.7117,39.1918,2089,2003-09,17.2,16.7
3,-110.7117,39.1918,2089,2003-10,13.67,13.4
3,-110.7117,39.1918,2089,2003-11,25.82,0.1
3,-110.7117,39.1918,2089,2003-12,37.42,-1.8
3,-110.7117,39.1918,2089,2004-01,15.4,-3.3
3,-110.7117,39.1918,2089,2004-02,46.07,-3.1
3,-110.7117,39.1918,2089,2004-03,3.68,6.9
3,-110.7117,39.1918,2089,2004-04,41.17,8.1
3,-110.7117,39.1918,2089,2004-05,9.5,13
3,-110.7117,39.1918,2089,2004-06,21.62,17.9
3,-110.7117,39.1918,2089,2004-07,22.64,21.4
3,-110.7117,39.1918,2089,2004-08,25.53,19.6
3,-110.7117,39.1918,2089,2004-09,23.16,15.4
3,-110.7117,39.1918,2089,2004-10,111.06,8.7
3,-110.7117,39.1918,2089,2004-11,42.88,1.6
3,-110.7117,39.1918,2089,2004-12,23.4,-2.2
3,-110.7117,39.1918,2089,2005-01,56.85,0.3
3,-110.7117,39.1918,2089,2005-02,34.14,0.3
3,-110.7117,39.1918,2089,2005-03,22.27,3
3,-110.7117,39.1918,2089,2005-04,18.75,7.1
3,-110.7117,39.1918,2089,2005-05,20.77,12.7
3,-110.7117,39.1918,2089,2005-06,69.06,15.5
3,-110.7117,39.1918,2089,2005-07,6.38,23.5
3,-110.7117,39.1918,2089,2005-08,37.47,19.8
3,-110.7117,39.1918,2089,2005-09,33.36,15.7
3,-110.7117,39.1918,2089,2005-10,42.93,10.2
3,-110.7117,39.1918,2089,2005-11,14.69,3.4
3,-110.7117,39.1918,2089,2005-12,18.67,-2.4
,,,,,,
4,-109.2093,38.7966,1399,1991-01,23.62,-6.9
4,-109.2093,38.7966,1399,1991-02,4.01,-0.5
4,-109.2093,38.7966,1399,1991-03,33.71,6.7
4,-109.2093,38.7966,1399,1991-04,16.46,10.8
4,-109.2093,38.7966,1399,1991-05,2.49,17
4,-109.2093,38.7966,1399,1991-06,6.97,22.2
4,-109.2093,38.7966,1399,1991-07,19.9,26.1
4,-109.2093,38.7966,1399,1991-08,22.33,25.2
4,-109.2093,38.7966,1399,1991-09,33.25,20.1
4,-109.2093,38.7966,1399,1991-10,36.14,13.3
4,-109.2093,38.7966,1399,1991-11,35.13,4.1
4,-109.2093,38.7966,1399,1991-12,24.17,-2.1
4,-109.2093,38.7966,1399,1992-01,9.48,-6.5
4,-109.2093,38.7966,1399,1992-02,20.33,2.2
4,-109.2093,38.7966,1399,1992-03,29.76,9.4
4,-109.2093,38.7966,1399,1992-04,10.1,15.6
4,-109.2093,38.7966,1399,1992-05,71.17,18.7
4,-109.2093,38.7966,1399,1992-06,3.5,22.1
4,-109.2093,38.7966,1399,1992-07,30.61,24.6
4,-109.2093,38.7966,1399,1992-08,14.49,25.4
4,-109.2093,38.7966,1399,1992-09,12.39,20.6
4,-109.2093,38.7966,1399,1992-10,36.79,14.9
4,-109.2093,38.7966,1399,1992-11,20.08,3.2
4,-109.2093,38.7966,1399,1992-12,20.76,-4
4,-109.2093,38.7966,1399,1993-01,59.84,0
4,-109.2093,38.7966,1399,1993-02,50.17,3.1
4,-109.2093,38.7966,1399,1993-03,25.1,8.6
4,-109.2093,38.7966,1399,1993-04,21.4,11.1
4,-109.2093,38.7966,1399,1993-05,71.78,17.5
4,-109.2093,38.7966,1399,1993-06,8.57,21.7
4,-109.2093,38.7966,1399,1993-07,3.96,24.5
4,-109.2093,38.7966,1399,1993-08,47.94,23.8
4,-109.2093,38.7966,1399,1993-09,5.22,19.4
4,-109.2093,38.7966,1399,1993-10,69.14,11.9
4,-109.2093,38.7966,1399,1993-11,18.3,2.8
4,-109.2093,38.7966,1399,1993-12,12.1,-0.9
4,-109.2093,38.7966,1399,1994-01,10.8,-0.1
4,-109.2093,38.7966,1399,1994-02,33.94,1.6
4,-109.2093,38.7966,1399,1994-03,3.14,9.1
4,-109.2093,38.7966,1399,1994-04,46.48,12.8
4,-109.2093,38.7966,1399,1994-05,9.43,18.4
4,-109.2093,38.7966,1399,1994-06,4.01,24.9
4,-109.2093,38.7966,1399,1994-07,0,27.9
4,-109.2093,38.7966,1399,1994-08,15,27.6
4,-109.2093,38.7966,1399,1994-09,25.2,21.2
4,-109.2093,38.7966,1399,1994-10,20.22,12.6
4,-109.2093,38.7966,1399,1994-11,32.17,3.9
4,-109.2093,38.7966,1399,1994-12,19.93,0.4
4,-109.2093,38.7966,1399,1995-01,29.18,1.2
4,-109.2093,38.7966,1399,1995-02,11.65,6.3
4,-109.2093,38.7966,1399,1995-03,47.76,8.3
4,-109.2093,38.7966,1399,1995-04,19.57,10.8
4,-109.2093,38.7966,1399,1995-05,77.39,14.5
4,-109.2093,38.7966,1399,1995-06,38.15,20.1
4,-109.2093,38.7966,1399,1995-07,26.7,24.7
4,-109.2093,38.7966,1399,1995-08,27.82,26
4,-109.2093,38.7966,1399,1995-09,22.84,20.9
4,-109.2093,38.7966,1399,1995-10,3.1,12.3
4,-109.2093,38.7966,1399,1995-11,2.42,6.9
4,-109.2093,38.7966,1399,1995-12,9.34,2
4,-109.2093,38.7966,1399,1996-01,14.74,0.5
4,-109.2093,38.7966,1399,1996-02,34.11,5.1
4,-109.2093,38.7966,1399,1996-03,25.35,7.9
4,-109.2093,38.7966,1399,1996-04,26.46,12.1
4,-109.2093,38.7966,1399,1996-05,14.96,19
4,-109.2093,38.7966,1399,1996-06,15.96,23.8
4,-109.2093,38.7966,1399,1996-07,15.04,27.4
4,-109.2093,38.7966,1399,1996-08,6.72,25.9
4,-109.2093,38.7966,1399,1996-09,39.8,18.5
4,-109.2093,38.7966,1399,1996-10,48.79,11.9
4,-109.2093,38.7966,1399,1996-11,41.5,5.4
4,-109.2093,38.7966,1399,1996-12,16.19,0.4
4,-109.2093,38.7966,1399,1997-01,20.92,0
4,-109.2093,38.7966,1399,1997-02,14.99,2
4,-109.2093,38.7966,1399,1997-03,5.48,8.1
4,-109.2093,38.7966,1399,1997-04,47.03,9.4
4,-109.2093,38.7966,1399,1997-05,30.39,17.8
4,-109.2093,38.7966,1399,1997-06,11.78,22.8
4,-109.2093,38.7966,1399,1997-07,16.77,25.2
4,-109.2093,38.7966,1399,1997-08,39.96,24.3
4,-109.2093,38.7966,1399,1997-09,70.29,19.9
4,-109.2093,38.7966,1399,1997-10,35.51,12
4,-109.2093,38.7966,1399,1997-11,21.28,4.2
4,-109.2093,38.7966,1399,1997-12,11.46,-1.4
4,-109.2093,38.7966,1399,1998-01,11.35,1.4
4,-109.2093,38.7966,1399,1998-02,24.65,3.5
4,-109.2093,38.7966,1399,1998-03,32.79,6.8
4,-109.2093,38.7966,1399,1998-04,19.66,10.3
4,-109.2093,38.7966,1399,1998-05,7.26,16.8
4,-109.2093,38.7966,1399,1998-06,14.68,20.8
4,-109.2093,38.7966,1399,1998-07,31.78,27.1
4,-109.2093,38.7966,1399,1998-08,6.53,26.1
4,-109.2093,38.7966,1399,1998-09,19.48,21.9
4,-109.2093,38.7966,1399,1998-10,67.58,12.5
4,-109.2093,38.7966,1399,1998-11,20.72,5.7
4,-109.2093,38.7966,1399,1998-12,9.84,-2.3
4,-109.2093,38.7966,1399,1999-01,6.28,1.4
4,-109.2093,38.7966,1399,1999-02,12.5,3.9
4,-109.2093,38.7966,1399,1999-03,1.88,9.2
4,-109.2093,38.7966,1399,1999-04,57.53,10.2
4,-109.2093,38.7966,1399,1999-05,11.87,15.7
4,-109.2093,38.7966,1399,1999-06,24.76,21.9
4,-109.2093,38.7966,1399,1999-07,46.01,26.1
4,-109.2093,38.7966,1399,1999-08,46.72,23.6
4,-109.2093,38.7966,1399,1999-09,20.71,18.6
4,-109.2093,38.7966,1399,1999-10,0,12.8
4,-109.2093,38.7966,1399,1999-11,3.4,6.5
4,-109.2093,38.7966,1399,1999-12,8.92,-0.4
4,-109.2093,38.7966,1399,2000-01,30.48,0.9
4,-109.2093,38.7966,1399,2000-02,20.04,5.1
4,-109.2093,38.7966,1399,2000-03,36.08,7.1
4,-109.2093,38.7966,1399,2000-04,5.64,14
4,-109.2093,38.7966,1399,2000-05,11.76,18.8
4,-109.2093,38.7966,1399,2000-06,10.72,23.4
4,-109.2093,38.7966,1399,2000-07,4.85,27
4,-109.2093,38.7966,1399,2000-08,23.82,26.7
4,-109.2093,38.7966,1399,2000-09,13.91,20.2
4,-109.2093,38.7966,1399,2000-10,35.4,13.1
4,-109.2093,38.7966,1399,2000-11,11.65,1.7
4,-109.2093,38.7966,1399,2000-12,12.15,0.2
4,-109.2093,38.7966,1399,2001-01,22.15,-1.1
4,-109.2093,38.7966,1399,2001-02,16.49,2.8
4,-109.2093,38.7966,1399,2001-03,24.36,8.3
4,-109.2093,38.7966,1399,2001-04,24.21,13.2
4,-109.2093,38.7966,1399,2001-05,22.81,18.9
4,-109.2093,38.7966,1399,2001-06,4.72,24.2
4,-109.2093,38.7966,1399,2001-07,38.29,26.5
4,-109.2093,38.7966,1399,2001-08,40.96,25.2
4,-109.2093,38.7966,1399,2001-09,5.62,21.5
4,-109.2093,38.7966,1399,2001-10,9.96,13.4
4,-109.2093,38.7966,1399,2001-11,24.52,7.2
4,-109.2093,38.7966,1399,2001-12,14.91,-1.1
4,-109.2093,38.7966,1399,2002-01,12.14,-1.1
4,-109.2093,38.7966,1399,2002-02,1.89,0.9
4,-109.2093,38.7966,1399,2002-03,7.03,5.8
4,-109.2093,38.7966,1399,2002-04,8.04,14.8
4,-109.2093,38.7966,1399,2002-05,5.63,17.6
4,-109.2093,38.7966,1399,2002-06,1.67,24.6
4,-109.2093,38.7966,1399,2002-07,8.75,27.7
4,-109.2093,38.7966,1399,2002-08,15.19,25.2
4,-109.2093,38.7966,1399,2002-09,58.7,19.9
4,-109.2093,38.7966,1399,2002-10,23.25,11.2
4,-109.2093,38.7966,1399,2002-11,15.32,4.3
4,-109.2093,38.7966,1399,2002-12,3.94,0.9
4,-109.2093,38.7966,1399,2003-01,3.83,2.5
4,-109.2093,38.7966,1399,2003-02,39.61,2.7
4,-109.2093,38.7966,1399,2003-03,21.53,7.8
4,-109.2093,38.7966,1399,2003-04,6.11,11.7
4,-109.2093,38.7966,1399,2003-05,31.51,17.4
4,-109.2093,38.7966,1399,2003-06,4.09,22.2
4,-109.2093,38.7966,1399,2003-07,4.43,28.9
4,-109.2093,38.7966,1399,2003-08,24.15,26
4,-109.2093,38.7966,1399,2003-09,15.29,18.9
4,-109.2093,38.7966,1399,2003-10,11.02,14.5
4,-109.2093,38.7966,1399,2003-11,20.45,4.4
4,-109.2093,38.7966,1399,2003-12,23.94,0.1
4,-109.2093,38.7966,1399,2004-01,12.05,-4.8
4,-109.2093,38.7966,1399,2004-02,22.54,0.4
4,-109.2093,38.7966,1399,2004-03,0.23,10.2
4,-109.2093,38.7966,1399,2004-04,59.88,12.5
4,-109.2093,38.7966,1399,2004-05,5.8,18.2
4,-109.2093,38.7966,1399,2004-06,4.11,22.8
4,-109.2093,38.7966,1399,2004-07,6.74,26.2
4,-109.2093,38.7966,1399,2004-08,12.74,24.4
4,-109.2093,38.7966,1399,2004-09,46.83,19.6
4,-109.2093,38.7966,1399,2004-10,35,13.1
4,-109.2093,38.7966,1399,2004-11,45.69,4.9
4,-109.2093,38.7966,1399,2004-12,17.15,-0.7
4,-109.2093,38.7966,1399,2005-01,45.2,3.5
4,-109.2093,38.7966,1399,2005-02,27.48,3.9
4,-109.2093,38.7966,1399,2005-03,38.97,7.2
4,-109.2093,38.7966,1399,2005-04,14.42,12.1
4,-109.2093,38.7966,1399,2005-05,12.43,17.5
4,-109.2093,38.7966,1399,2005-06,34.25,20.8
4,-109.2093,38.7966,1399,2005-07,11,27.4
4,-109.2093,38.7966,1399,2005-08,39.45,24.2
4,-109.2093,38.7966,1399,2005-09,44.69,20.2
4,-109.2093,38.7966,1399,2005-10,36.49,13.8
4,-109.2093,38.7966,1399,2005-11,10.05,6.2
4,-109.2093,38.7966,1399,2005-12,12.97,-0.5
,,,,,,
5,-108.4625,38.9739,1484,1991-01,24.05,-7.5
5,-108.4625,38.9739,1484,1991-02,4.26,0
5,-108.4625,38.9739,1484,1991-03,25.08,5.4
5,-108.4625,38.9739,1484,1991-04,17.83,9.3
5,-108.4625,38.9739,1484,1991-05,2.52,16.3
5,-108.4625,38.9739,1484,1991-06,7.52,21.7
5,-108.4625,38.9739,1484,1991-07,20.74,24.8
5,-108.4625,38.9739,1484,1991-08,19.58,23.8
5,-108.4625,38.9739,1484,1991-09,28.63,19
5,-108.4625,38.9739,1484,1991-10,35.15,12.6
5,-108.4625,38.9739,1484,1991-11,32.79,3.2
5,-108.4625,38.9739,1484,1991-12,17.69,-3.2
5,-108.4625,38.9739,1484,1992-01,9.05,-6.3
5,-108.4625,38.9739,1484,1992-02,16.66,2.2
5,-108.4625,38.9739,1484,1992-03,42.36,8.2
5,-108.4625,38.9739,1484,1992-04,11.49,14.2
5,-108.4625,38.9739,1484,1992-05,69.14,17.8
5,-108.4625,38.9739,1484,1992-06,6.81,21
5,-108.4625,38.9739,1484,1992-07,26.57,23.1
5,-108.4625,38.9739,1484,1992-08,18.91,23.4
5,-108.4625,38.9739,1484,1992-09,7.16,19.2
5,-108.4625,38.9739,1484,1992-10,22.47,14.1
5,-108.4625,38.9739,1484,1992-11,35.79,2.1
5,-108.4625,38.9739,1484,1992-12,13.92,-3.9
5,-108.4625,38.9739,1484,1993-01,40.96,0
5,-108.4625,38.9739,1484,1993-02,36.81,2.2
5,-108.4625,38.9739,1484,1993-03,42.98,7.4
5,-108.4625,38.9739,1484,1993-04,29.64,9.7
5,-108.4625,38.9739,1484,1993-05,55.75,16.1
5,-108.4625,38.9739,1484,1993-06,5.53,20.3
5,-108.4625,38.9739,1484,1993-07,2.66,23.3
5,-108.4625,38.9739,1484,1993-08,43.62,22.3
5,-108.4625,38.9739,1484,1993-09,14.56,18
5,-108.4625,38.9739,1484,1993-10,44.04,10.8
5,-108.4625,38.9739,1484,1993-11,17.8,1.8
5,-108.4625,38.9739,1484,1993-12,10.07,-1.2
5,-108.4625,38.9739,1484,1994-01,9.49,-0.4
5,-108.4625,38.9739,1484,1994-02,21.7,0.5
5,-108.4625,38.9739,1484,1994-03,7.39,8.1
5,-108.4625,38.9739,1484,1994-04,40.91,11.3
5,-108.4625,38.9739,1484,1994-05,5.78,17.4
5,-108.4625,38.9739,1484,1994-06,5.05,24.1
5,-108.4625,38.9739,1484,1994-07,0,25.9
5,-108.4625,38.9739,1484,1994-08,26.24,25.2
5,-108.4625,38.9739,1484,1994-09,24.86,19.5
5,-108.4625,38.9739,1484,1994-10,17.84,11.3
5,-108.4625,38.9739,1484,1994-11,24.11,2.9
5,-108.4625,38.9739,1484,1994-12,17.48,0.1
5,-108.4625,38.9739,1484,1995-01,21.7,0.5
5,-108.4625,38.9739,1484,1995-02,11.36,5.6
5,-108.4625,38.9739,1484,1995-03,46.39,7.3
5,-108.4625,38.9739,1484,1995-04,23.83,9.4
5,-108.4625,38.9739,1484,1995-05,56.38,13.2
5,-108.4625,38.9739,1484,1995-06,44.47,19.2
5,-108.4625,38.9739,1484,1995-07,25.96,23.4
5,-108.4625,38.9739,1484,1995-08,21.44,24.8
5,-108.4625,38.9739,1484,1995-09,34.19,19.4
5,-108.4625,38.9739,1484,1995-10,8.41,10.9
5,-108.4625,38.9739,1484,1995-11,4.8,6.3
5,-108.4625,38.9739,1484,1995-12,10.79,1.6
5,-108.4625,38.9739,1484,1996-01,20.36,-1.6
5,-108.4625,38.9739,1484,1996-02,36.05,3.9
5,-108.4625,38.9739,1484,1996-03,15.29,6.4
5,-108.4625,38.9739,1484,1996-04,23.58,10.4
5,-108.4625,38.9739,1484,1996-05,16.29,17.3
5,-108.4625,38.9739,1484,1996-06,18.34,22.3
5,-108.4625,38.9739,1484,1996-07,15.17,25.6
5,-108.4625,38.9739,1484,1996-08,3.35,24.5
5,-108.4625,38.9739,1484,1996-09,38.33,16.9
5,-108.4625,38.9739,1484,1996-10,40.63,10.8
5,-108.4625,38.9739,1484,1996-11,36.82,4.6
5,-108.4625,38.9739,1484,1996-12,13.72,-0.3
5,-108.4625,38.9739,1484,1997-01,19.87,-0.4
5,-108.4625,38.9739,1484,1997-02,7.32,1.5
5,-108.4625,38.9739,1484,1997-03,7.73,7.1
5,-108.4625,38.9739,1484,1997-04,57.86,8.2
5,-108.4625,38.9739,1484,1997-05,41.98,16.3
5,-108.4625,38.9739,1484,1997-06,15.2,21.8
5,-108.4625,38.9739,1484,1997-07,13.58,23.8
5,-108.4625,38.9739,1484,1997-08,41.96,22.9
5,-108.4625,38.9739,1484,1997-09,79.18,18.8
5,-108.4625,38.9739,1484,1997-10,33.77,11.2
5,-108.4625,38.9739,1484,1997-11,23.33,3.9
5,-108.4625,38.9739,1484,1997-12,7.95,-1.7
5,-108.4625,38.9739,1484,1998-01,12.62,1.2
5,-108.4625,38.9739,1484,1998-02,17.72,2.4
5,-108.4625,38.9739,1484,1998-03,31.99,5.5
5,-108.4625,38.9739,1484,1998-04,27.2,8.9
5,-108.4625,38.9739,1484,1998-05,6.45,16.2
5,-108.4625,38.9739,1484,1998-06,14.34,19.3
5,-108.4625,38.9739,1484,1998-07,31.54,25.6
5,-108.4625,38.9739,1484,1998-08,6.4,24.4
5,-108.4625,38.9739,1484,1998-09,23.44,20.7
5,-108.4625,38.9739,1484,1998-10,45.65,12.1
5,-108.4625,38.9739,1484,1998-11,20.15,5.4
5,-108.4625,38.9739,1484,1998-12,12.51,-2.7
5,-108.4625,38.9739,1484,1999-01,7.4,0.9
5,-108.4625,38.9739,1484,1999-02,9.48,3.2
5,-108.4625,38.9739,1484,1999-03,1.88,9.2
5,-108.4625,38.9739,1484,1999-04,60.94,8.8
5,-108.4625,38.9739,1484,1999-05,11.96,14.6
5,-108.4625,38.9739,1484,1999-06,16.41,20.8
5,-108.4625,38.9739,1484,1999-07,51.27,24.9
5,-108.4625,38.9739,1484,1999-08,40.04,22.8
5,-108.4625,38.9739,1484,1999-09,19.75,17.6
5,-108.4625,38.9739,1484,1999-10,0.94,12.6
5,-108.4625,38.9739,1484,1999-11,6.93,6.9
5,-108.4625,38.9739,1484,1999-12,7.75,-0.5
5,-108.4625,38.9739,1484,2000-01,29.75,0.4
5,-108.4625,38.9739,1484,2000-02,19.24,4.1
5,-108.4625,38.9739,1484,2000-03,30.84,6.2
5,-108.4625,38.9739,1484,2000-04,6.83,13.3
5,-108.4625,38.9739,1484,2000-05,8.76,18.5
5,-108.4625,38.9739,1484,2000-06,11.61,22.4
5,-108.4625,38.9739,1484,2000-07,7.73,25.9
5,-108.4625,38.9739,1484,2000-08,25.32,25.3
5,-108.4625,38.9739,1484,2000-09,24.54,19.4
5,-108.4625,38.9739,1484,2000-10,27.2,12.7
5,-108.4625,38.9739,1484,2000-11,13.89,0.8
5,-108.4625,38.9739,1484,2000-12,10.6,-0.4
5,-108.4625,38.9739,1484,2001-01,14.88,-1.1
5,-108.4625,38.9739,1484,2001-02,14.65,2.4
5,-108.4625,38.9739,1484,2001-03,21.49,7.4
5,-108.4625,38.9739,1484,2001-04,17.36,12
5,-108.4625,38.9739,1484,2001-05,17.18,17.6
5,-108.4625,38.9739,1484,2001-06,0.8,22.8
5,-108.4625,38.9739,1484,2001-07,33.2,25.4
5,-108.4625,38.9739,1484,2001-08,36.59,23.9
5,-108.4625,38.9739,1484,2001-09,12.26,20.8
5,-108.4625,38.9739,1484,2001-10,16.09,12.9
5,-108.4625,38.9739,1484,2001-11,22.07,7.1
5,-108.4625,38.9739,1484,2001-12,11.41,-1.4
5,-108.4625,38.9739,1484,2002-01,10.36,-1.7
5,-108.4625,38.9739,1484,2002-02,2.21,-0.5
5,-108.4625,38.9739,1484,2002-03,11.44,4.8
5,-108.4625,38.9739,1484,2002-04,12.04,13.5
5,-108.4625,38.9739,1484,2002-05,7.29,16.8
5,-108.4625,38.9739,1484,2002-06,0.01,24
5,-108.4625,38.9739,1484,2002-07,10.66,26.8
5,-108.4625,38.9739,1484,2002-08,25.33,23.7
5,-108.4625,38.9739,1484,2002-09,52.42,18.7
5,-108.4625,38.9739,1484,2002-10,27.36,10.7
5,-108.4625,38.9739,1484,2002-11,24.44,3.7
5,-108.4625,38.9739,1484,2002-12,6.08,0.5
5,-108.4625,38.9739,1484,2003-01,6.87,2.1
5,-108.4625,38.9739,1484,2003-02,30.08,1.9
5,-108.4625,38.9739,1484,2003-03,14.09,6.9
5,-108.4625,38.9739,1484,2003-04,5.64,11.4
5,-108.4625,38.9739,1484,2003-05,29.77,16.8
5,-108.4625,38.9739,1484,2003-06,7.86,21.7
5,-108.4625,38.9739,1484,2003-07,4.05,27.6
5,-108.4625,38.9739,1484,2003-08,16.77,25.2
5,-108.4625,38.9739,1484,2003-09,33.17,18.1
5,-108.4625,38.9739,1484,2003-10,5.35,14.1
5,-108.4625,38.9739,1484,2003-11,22.22,3.4
5,-108.4625,38.9739,1484,2003-12,13.77,0.1
5,-108.4625,38.9739,1484,2004-01,16.06,-4.3
5,-108.4625,38.9739,1484,2004-02,19.24,-0.3
5,-108.4625,38.9739,1484,2004-03,0.54,9.8
5,-108.4625,38.9739,1484,2004-04,74.96,12
5,-108.4625,38.9739,1484,2004-05,5.94,17.3
5,-108.4625,38.9739,1484,2004-06,3.28,22.1
5,-108.4625,38.9739,1484,2004-07,6.12,25
5,-108.4625,38.9739,1484,2004-08,5.7,23
5,-108.4625,38.9739,1484,2004-09,52.51,18.1
5,-108.4625,38.9739,1484,2004-10,22.76,12.1
5,-108.4625,38.9739,1484,2004-11,50,4.4
5,-108.4625,38.9739,1484,2004-12,9.85,-1.5
5,-108.4625,38.9739,1484,2005-01,41.86,3.3
5,-108.4625,38.9739,1484,2005-02,19.25,3.3
5,-108.4625,38.9739,1484,2005-03,21.36,6.2
5,-108.4625,38.9739,1484,2005-04,13.48,11.1
5,-108.4625,38.9739,1484,2005-05,5.41,16.7
5,-108.4625,38.9739,1484,2005-06,45.62,19.9
5,-108.4625,38.9739,1484,2005-07,23.31,26.1
5,-108.4625,38.9739,1484,2005-08,31.67,23.2
5,-108.4625,38.9739,1484,2005-09,57.98,19.3
5,-108.4625,38.9739,1484,2005-10,47.96,13
5,-108.4625,38.9739,1484,2005-11,4.91,5.6
5,-108.4625,38.9739,1484,2005-12,15.64,-1
,,,,,,
6,-112.377,34.9749,1410,1991-01,31.65,4.5
6,-112.377,34.9749,1410,1991-02,21.05,9
6,-112.377,34.9749,1410,1991-03,117,5.9
6,-112.377,34.9749,1410,1991-04,0,11.6
6,-112.377,34.9749,1410,1991-05,0,15.6
6,-112.377,34.9749,1410,1991-06,5.33,20
6,-112.377,34.9749,1410,1991-07,29.15,25.5
6,-112.377,34.9749,1410,1991-08,48.89,24.6
6,-112.377,34.9749,1410,1991-09,32.02,21.3
6,-112.377,34.9749,1410,1991-10,24.89,17.4
6,-112.377,34.9749,1410,1991-11,29.92,8.6
6,-112.377,34.9749,1410,1991-12,47.76,4.6
6,-112.377,34.9749,1410,1992-01,41.61,4.2
6,-112.377,34.9749,1410,1992-02,58.97,7.5
6,-112.377,34.9749,1410,1992-03,68.81,8.7
6,-112.377,34.9749,1410,1992-04,13.34,15.1
6,-112.377,34.9749,1410,1992-05,59.11,17.7
6,-112.377,34.9749,1410,1992-06,10.5,20.7
6,-112.377,34.9749,1410,1992-07,51.38,24.2
6,-112.377,34.9749,1410,1992-08,119.78,23.7
6,-112.377,34.9749,1410,1992-09,2.61,21.3
6,-112.377,34.9749,1410,1992-10,31.69,16.8
6,-112.377,34.9749,1410,1992-11,0.2,6.9
6,-112.377,34.9749,1410,1992-12,89,3.1
6,-112.377,34.9749,1410,1993-01,151.15,5.3
6,-112.377,34.9749,1410,1993-02,137.16,6
6,-112.377,34.9749,1410,1993-03,32.68,10.1
6,-112.377,34.9749,1410,1993-04,0,13.5
6,-112.377,34.9749,1410,1993-05,22.02,18.1
6,-112.377,34.9749,1410,1993-06,0,21.9
6,-112.377,34.9749,1410,1993-07,0.08,23.7
6,-112.377,34.9749,1410,1993-08,96.46,24
6,-112.377,34.9749,1410,1993-09,2.55,21
6,-112.377,34.9749,1410,1993-10,43.05,15.3
6,-112.377,34.9749,1410,1993-11,22.61,7.5
6,-112.377,34.9749,1410,1993-12,9.89,4.6
6,-112.377,34.9749,1410,1994-01,4.98,5.6
6,-112.377,34.9749,1410,1994-02,32.47,5.1
6,-112.377,34.9749,1410,1994-03,28.78,10.3
6,-112.377,34.9749,1410,1994-04,27.92,13.1
6,-112.377,34.9749,1410,1994-05,12.39,16.7
6,-112.377,34.9749,1410,1994-06,0,24.3
6,-112.377,34.9749,1410,1994-07,18.7,25.7
6,-112.377,34.9749,1410,1994-08,45.61,25.6
6,-112.377,34.9749,1410,1994-09,60.73,21.5
6,-112.377,34.9749,1410,1994-10,15.49,14
6,-112.377,34.9749,1410,1994-11,1.26,6
6,-112.377,34.9749,1410,1994-12,48.14,5.8
6,-112.377,34.9749,1410,1995-01,67.46,4.4
6,-112.377,34.9749,1410,1995-02,53.13,9.7
6,-112.377,34.9749,1410,1995-03,50.02,9.5
6,-112.377,34.9749,1410,1995-04,14.92,11.1
6,-112.377,34.9749,1410,1995-05,12.98,14.7
6,-112.377,34.9749,1410,1995-06,4.83,20.2
6,-112.377,34.9749,1410,1995-07,11.7,24.8
6,-112.377,34.9749,1410,1995-08,52.91,26
6,-112.377,34.9749,1410,1995-09,67.1,21.9
6,-112.377,34.9749,1410,1995-10,0,16.1
6,-112.377,34.9749,1410,1995-11,2.26,12.4
6,-112.377,34.9749,1410,1995-12,5.95,6.2
6,-112.377,34.9749,1410,1996-01,6.87,5.6
6,-112.377,34.9749,1410,1996-02,32.01,9.3
6,-112.377,34.9749,1410,1996-03,12.54,9.7
6,-112.377,34.9749,1410,1996-04,0.82,14.3
6,-112.377,34.9749,1410,1996-05,0,19.1
6,-112.377,34.9749,1410,1996-06,3.68,23.8
6,-112.377,34.9749,1410,1996-07,58.68,26.3
6,-112.377,34.9749,1410,1996-08,54.24,25.3
6,-112.377,34.9749,1410,1996-09,53.48,19.6
6,-112.377,34.9749,1410,1996-10,10.96,15
6,-112.377,34.9749,1410,1996-11,13.58,9.2
6,-112.377,34.9749,1410,1996-12,9.29,5.9
6,-112.377,34.9749,1410,1997-01,78.59,4.2
6,-112.377,34.9749,1410,1997-02,29.16,6.3
6,-112.377,34.9749,1410,1997-03,0,11.2
6,-112.377,34.9749,1410,1997-04,42.97,11.3
6,-112.377,34.9749,1410,1997-05,7.1,19.7
6,-112.377,34.9749,1410,1997-06,4.76,21.3
6,-112.377,34.9749,1410,1997-07,10.16,25
6,-112.377,34.9749,1410,1997-08,63.17,24.4
6,-112.377,34.9749,1410,1997-09,84.78,22
6,-112.377,34.9749,1410,1997-10,15.79,14.5
6,-112.377,34.9749,1410,1997-11,5.45,9.7
6,-112.377,34.9749,1410,1997-12,48.13,3.4
6,-112.377,34.9749,1410,1998-01,27.11,5.6
6,-112.377,34.9749,1410,1998-02,73.49,4.2
6,-112.377,34.9749,1410,1998-03,71.63,7.9
6,-112.377,34.9749,1410,1998-04,24.22,9.5
6,-112.377,34.9749,1410,1998-05,12.14,15.1
6,-112.377,34.9749,1410,1998-06,0,19.8
6,-112.377,34.9749,1410,1998-07,66.55,25.5
6,-112.377,34.9749,1410,1998-08,60.87,25.8
6,-112.377,34.9749,1410,1998-09,51.41,21.1
6,-112.377,34.9749,1410,1998-10,40.34,14.6
6,-112.377,34.9749,1410,1998-11,8.86,9.1
6,-112.377,34.9749,1410,1998-12,4.19,5.6
6,-112.377,34.9749,1410,1999-01,3.59,7
6,-112.377,34.9749,1410,1999-02,11.66,8.2
6,-112.377,34.9749,1410,1999-03,10.4,10.5
6,-112.377,34.9749,1410,1999-04,37.62,10.1
6,-112.377,34.9749,1410,1999-05,5.2,16.6
6,-112.377,34.9749,1410,1999-06,7.84,21.7
6,-112.377,34.9749,1410,1999-07,116.86,24.4
6,-112.377,34.9749,1410,1999-08,19.75,23.8
6,-112.377,34.9749,1410,1999-09,117.99,20.4
6,-112.377,34.9749,1410,1999-10,0,15.9
6,-112.377,34.9749,1410,1999-11,0,11.7
6,-112.377,34.9749,1410,1999-12,0.04,5.5
6,-112.377,34.9749,1410,2000-01,9.13,6.8
6,-112.377,34.9749,1410,2000-02,42.49,8.3
6,-112.377,34.9749,1410,2000-03,57.22,8.8
6,-112.377,34.9749,1410,2000-04,5.6,14.7
6,-112.377,34.9749,1410,2000-05,0,20
6,-112.377,34.9749,1410,2000-06,36.94,23.8
6,-112.377,34.9749,1410,2000-07,9.27,25.9
6,-112.377,34.9749,1410,2000-08,90.37,24.6
6,-112.377,34.9749,1410,2000-09,0.07,22.3
6,-112.377,34.9749,1410,2000-10,109.86,14.7
6,-112.377,34.9749,1410,2000-11,8.54,5.3
6,-112.377,34.9749,1410,2000-12,1.6,6.8
6,-112.377,34.9749,1410,2001-01,49.66,4
6,-112.377,34.9749,1410,2001-02,31.43,5.2
6,-112.377,34.9749,1410,2001-03,29.34,9.7
6,-112.377,34.9749,1410,2001-04,14.93,12.2
6,-112.377,34.9749,1410,2001-05,10.77,20.2
6,-112.377,34.9749,1410,2001-06,10.67,23.5
6,-112.377,34.9749,1410,2001-07,34.99,24.8
6,-112.377,34.9749,1410,2001-08,69.64,24.5
6,-112.377,34.9749,1410,2001-09,8.99,22.6
6,-112.377,34.9749,1410,2001-10,21.9,17.4
6,-112.377,34.9749,1410,2001-11,9.85,11.2
6,-112.377,34.9749,1410,2001-12,18.04,4.1
6,-112.377,34.9749,1410,2002-01,2.73,5.4
6,-112.377,34.9749,1410,2002-02,0,7.6
6,-112.377,34.9749,1410,2002-03,8.28,9
6,-112.377,34.9749,1410,2002-04,10.69,15.2
6,-112.377,34.9749,1410,2002-05,0,17.9
6,-112.377,34.9749,1410,2002-06,0,24.2
6,-112.377,34.9749,1410,2002-07,28.21,27.3
6,-112.377,34.9749,1410,2002-08,14.97,25.7
6,-112.377,34.9749,1410,2002-09,88.98,21.8
6,-112.377,34.9749,1410,2002-10,21.43,14.9
6,-112.377,34.9749,1410,2002-11,8.55,10.1
6,-112.377,34.9749,1410,2002-12,17.68,4.8
6,-112.377,34.9749,1410,2003-01,10.96,9.4
6,-112.377,34.9749,1410,2003-02,93.82,6.9
6,-112.377,34.9749,1410,2003-03,31.9,9.1
6,-112.377,34.9749,1410,2003-04,6.74,11
6,-112.377,34.9749,1410,2003-05,3.43,18.6
6,-112.377,34.9749,1410,2003-06,0,23.2
6,-112.377,34.9749,1410,2003-07,27.84,28.3
6,-112.377,34.9749,1410,2003-08,74.06,25.5
6,-112.377,34.9749,1410,2003-09,16.54,23.1
6,-112.377,34.9749,1410,2003-10,5.7,19.1
6,-112.377,34.9749,1410,2003-11,27.07,8.8
6,-112.377,34.9749,1410,2003-12,10.57,5.7
6,-112.377,34.9749,1410,2004-01,9.37,6
6,-112.377,34.9749,1410,2004-02,29.03,4.9
6,-112.377,34.9749,1410,2004-03,10.97,13.6
6,-112.377,34.9749,1410,2004-04,46.9,13
6,-112.377,34.9749,1410,2004-05,0,18.4
6,-112.377,34.9749,1410,2004-06,0.33,23
6,-112.377,34.9749,1410,2004-07,35.71,25.4
6,-112.377,34.9749,1410,2004-08,45.43,24
6,-112.377,34.9749,1410,2004-09,34.2,21.4
6,-112.377,34.9749,1410,2004-10,101.74,14.6
6,-112.377,34.9749,1410,2004-11,49.17,7.7
6,-112.377,34.9749,1410,2004-12,55.36,5.6
6,-112.377,34.9749,1410,2005-01,103.79,6
6,-112.377,34.9749,1410,2005-02,112.91,6.7
6,-112.377,34.9749,1410,2005-03,41.61,8.9
6,-112.377,34.9749,1410,2005-04,27.32,12.5
6,-112.377,34.9749,1410,2005-05,0,18.1
6,-112.377,34.9749,1410,2005-06,4.48,21.6
6,-112.377,34.9749,1410,2005-07,31.45,26.8
6,-112.377,34.9749,1410,2005-08,69.17,23.9
6,-112.377,34.9749,1410,2005-09,11.15,21.4
6,-112.377,34.9749,1410,2005-10,25.58,15.8
6,-112.377,34.9749,1410,2005-11,3.57,10.6
6,-112.377,34.9749,1410,2005-12,0,5.5
,,,,,,
7,-109.452,35.7189,2049,1991-01,24.77,-3.8
7,-109.452,35.7189,2049,1991-02,2.38,2
7,-109.452,35.7189,2049,1991-03,40.85,2.5
7,-109.452,35.7189,2049,1991-04,0.73,7.1
7,-109.452,35.7189,2049,1991-05,0,12
7,-109.452,35.7189,2049,1991-06,14.88,16.6
7,-109.452,35.7189,2049,1991-07,19.42,20.7
7,-109.452,35.7189,2049,1991-08,31.44,20.9
7,-109.452,35.7189,2049,1991-09,24.82,16.7
7,-109.452,35.7189,2049,1991-10,7.83,11.1
7,-109.452,35.7189,2049,1991-11,44.02,3.1
7,-109.452,35.7189,2049,1991-12,72.96,-2.9
7,-109.452,35.7189,2049,1992-01,16.42,-5.7
7,-109.452,35.7189,2049,1992-02,18.05,1.1
7,-109.452,35.7189,2049,1992-03,31.47,4.6
7,-109.452,35.7189,2049,1992-04,8.71,10.6
7,-109.452,35.7189,2049,1992-05,72.48,13.6
7,-109.452,35.7189,2049,1992-06,3.75,16.9
7,-109.452,35.7189,2049,1992-07,38.95,19.8
7,-109.452,35.7189,2049,1992-08,53.14,19.2
7,-109.452,35.7189,2049,1992-09,10.47,16.5
7,-109.452,35.7189,2049,1992-10,29.62,11.8
7,-109.452,35.7189,2049,1992-11,5.11,0.3
7,-109.452,35.7189,2049,1992-12,69.07,-4.1
7,-109.452,35.7189,2049,1993-01,85.21,0.7
7,-109.452,35.7189,2049,1993-02,30.33,1.1
7,-109.452,35.7189,2049,1993-03,22.96,4.5
7,-109.452,35.7189,2049,1993-04,4.16,7.7
7,-109.452,35.7189,2049,1993-05,18.41,13
7,-109.452,35.7189,2049,1993-06,0,17.3
7,-109.452,35.7189,2049,1993-07,2.54,18.9
7,-109.452,35.7189,2049,1993-08,77.33,19.9
7,-109.452,35.7189,2049,1993-09,6.39,16.4
7,-109.452,35.7189,2049,1993-10,31,10
7,-109.452,35.7189,2049,1993-11,31.26,1.9
7,-109.452,35.7189,2049,1993-12,4.32,-0.9
7,-109.452,35.7189,2049,1994-01,3.94,-0.8
7,-109.452,35.7189,2049,1994-02,10.07,-0.5
7,-109.452,35.7189,2049,1994-03,15.45,5.7
7,-109.452,35.7189,2049,1994-04,19.67,7.7
7,-109.452,35.7189,2049,1994-05,20.5,12.9
7,-109.452,35.7189,2049,1994-06,19.02,20.2
7,-109.452,35.7189,2049,1994-07,6.08,21.8
7,-109.452,35.7189,2049,1994-08,23.27,21.7
7,-109.452,35.7189,2049,1994-09,36.1,17.2
7,-109.452,35.7189,2049,1994-10,40.24,9.9
7,-109.452,35.7189,2049,1994-11,28.21,0.8
7,-109.452,35.7189,2049,1994-12,22.9,-0.1
7,-109.452,35.7189,2049,1995-01,48.95,-1.1
7,-109.452,35.7189,2049,1995-02,20.43,4.7
7,-109.452,35.7189,2049,1995-03,31.27,5.2
7,-109.452,35.7189,2049,1995-04,20.21,5.9
7,-109.452,35.7189,2049,1995-05,36.56,9.9
7,-109.452,35.7189,2049,1995-06,0,17.2
7,-109.452,35.7189,2049,1995-07,13.45,20.4
7,-109.452,35.7189,2049,1995-08,52.43,21.5
7,-109.452,35.7189,2049,1995-09,33.39,17.3
7,-109.452,35.7189,2049,1995-10,0,9.3
7,-109.452,35.7189,2049,1995-11,8.38,5.7
7,-109.452,35.7189,2049,1995-12,8.47,-0.5
7,-109.452,35.7189,2049,1996-01,2.48,-0.5
7,-109.452,35.7189,2049,1996-02,8.35,3.5
7,-109.452,35.7189,2049,1996-03,7.33,3.5
7,-109.452,35.7189,2049,1996-04,4.3,8.1
7,-109.452,35.7189,2049,1996-05,0,15.3
7,-109.452,35.7189,2049,1996-06,9.82,19.6
7,-109.452,35.7189,2049,1996-07,21.97,21.9
7,-109.452,35.7189,2049,1996-08,19.01,20.6
7,-109.452,35.7189,2049,1996-09,62.38,14.7
7,-109.452,35.7189,2049,1996-10,22.01,9.7
7,-109.452,35.7189,2049,1996-11,31.66,3.9
7,-109.452,35.7189,2049,1996-12,14.4,-0.5
7,-109.452,35.7189,2049,1997-01,36.33,-2.9
7,-109.452,35.7189,2049,1997-02,15.01,0.4
7,-109.452,35.7189,2049,1997-03,0,5.4
7,-109.452,35.7189,2049,1997-04,24.23,6.4
7,-109.452,35.7189,2049,1997-05,10.34,13.9
7,-109.452,35.7189,2049,1997-06,18.66,17.8
7,-109.452,35.7189,2049,1997-07,34.2,20.3
7,-109.452,35.7189,2049,1997-08,45.56,19.9
7,-109.452,35.7189,2049,1997-09,30.68,17.9
7,-109.452,35.7189,2049,1997-10,26.5,9.1
7,-109.452,35.7189,2049,1997-11,30.25,3.8
7,-109.452,35.7189,2049,1997-12,44.84,-2.7
7,-109.452,35.7189,2049,1998-01,15.29,-0.1
7,-109.452,35.7189,2049,1998-02,37.52,-0.5
7,-109.452,35.7189,2049,1998-03,33.08,3.2
7,-109.452,35.7189,2049,1998-04,20.08,5.2
7,-109.452,35.7189,2049,1998-05,0,12.4
7,-109.452,35.7189,2049,1998-06,0,17.1
7,-109.452,35.7189,2049,1998-07,82.9,21.5
7,-109.452,35.7189,2049,1998-08,24.17,20.8
7,-109.452,35.7189,2049,1998-09,11.39,17.9
7,-109.452,35.7189,2049,1998-10,70.27,10
7,-109.452,35.7189,2049,1998-11,40.07,4.5
7,-109.452,35.7189,2049,1998-12,7.45,-0.8
7,-109.452,35.7189,2049,1999-01,1.25,0.6
7,-109.452,35.7189,2049,1999-02,2.6,1.9
7,-109.452,35.7189,2049,1999-03,2.34,5.9
7,-109.452,35.7189,2049,1999-04,23.71,6
7,-109.452,35.7189,2049,1999-05,29.02,11.5
7,-109.452,35.7189,2049,1999-06,2.75,17.4
7,-109.452,35.7189,2049,1999-07,53.44,20.5
7,-109.452,35.7189,2049,1999-08,81.78,19.4
7,-109.452,35.7189,2049,1999-09,32.2,15.2
7,-109.452,35.7189,2049,1999-10,0,10.2
7,-109.452,35.7189,2049,1999-11,0,5.3
7,-109.452,35.7189,2049,1999-12,3.5,-3.3
7,-109.452,35.7189,2049,2000-01,9.13,-0.5
7,-109.452,35.7189,2049,2000-02,9.51,2.5
7,-109.452,35.7189,2049,2000-03,74.58,3.9
7,-109.452,35.7189,2049,2000-04,4.69,8.8
7,-109.452,35.7189,2049,2000-05,0,14.7
7,-109.452,35.7189,2049,2000-06,3.98,19.8
7,-109.452,35.7189,2049,2000-07,11.12,21.6
7,-109.452,35.7189,2049,2000-08,48.58,21
7,-109.452,35.7189,2049,2000-09,8.24,16.8
7,-109.452,35.7189,2049,2000-10,63.83,9.9
7,-109.452,35.7189,2049,2000-11,14.23,-0.2
7,-109.452,35.7189,2049,2000-12,9.46,-0.6
7,-109.452,35.7189,2049,2001-01,20.77,-4.1
7,-109.452,35.7189,2049,2001-02,16.82,-0.1
7,-109.452,35.7189,2049,2001-03,9.72,4.2
7,-109.452,35.7189,2049,2001-04,20.61,8.1
7,-109.452,35.7189,2049,2001-05,13.41,14
7,-109.452,35.7189,2049,2001-06,1.93,19
7,-109.452,35.7189,2049,2001-07,18.26,21.6
7,-109.452,35.7189,2049,2001-08,52.98,20
7,-109.452,35.7189,2049,2001-09,13.24,17.1
7,-109.452,35.7189,2049,2001-10,4.26,11.3
7,-109.452,35.7189,2049,2001-11,8.43,4.5
7,-109.452,35.7189,2049,2001-12,22.96,-2
7,-109.452,35.7189,2049,2002-01,7.7,-1.5
7,-109.452,35.7189,2049,2002-02,1.32,-1
7,-109.452,35.7189,2049,2002-03,2.4,2.4
7,-109.452,35.7189,2049,2002-04,12.41,10.3
7,-109.452,35.7189,2049,2002-05,0,12.8
7,-109.452,35.7189,2049,2002-06,0,19.9
7,-109.452,35.7189,2049,2002-07,25.29,21.5
7,-109.452,35.7189,2049,2002-08,19.57,19.9
7,-109.452,35.7189,2049,2002-09,63.98,15.8
7,-109.452,35.7189,2049,2002-10,15.93,8.8
7,-109.452,35.7189,2049,2002-11,11.16,3.1
7,-109.452,35.7189,2049,2002-12,37.33,-1.8
7,-109.452,35.7189,2049,2003-01,4.22,1.7
7,-109.452,35.7189,2049,2003-02,36.08,0.9
7,-109.452,35.7189,2049,2003-03,14.21,3.4
7,-109.452,35.7189,2049,2003-04,0,6.9
7,-109.452,35.7189,2049,2003-05,0,13.6
7,-109.452,35.7189,2049,2003-06,0.03,18.4
7,-109.452,35.7189,2049,2003-07,23.08,23.1
7,-109.452,35.7189,2049,2003-08,35.88,21
7,-109.452,35.7189,2049,2003-09,36.49,16.4
7,-109.452,35.7189,2049,2003-10,14.06,12.3
7,-109.452,35.7189,2049,2003-11,18.06,3.3
7,-109.452,35.7189,2049,2003-12,13.76,-0.4
7,-109.452,35.7189,2049,2004-01,9.43,-1.8
7,-109.452,35.7189,2049,2004-02,14.21,-1.3
7,-109.452,35.7189,2049,2004-03,4.76,7.1
7,-109.452,35.7189,2049,2004-04,35.77,7.8
7,-109.452,35.7189,2049,2004-05,2.7,13.4
7,-109.452,35.7189,2049,2004-06,3.41,18.6
7,-109.452,35.7189,2049,2004-07,10.5,20.5
7,-109.452,35.7189,2049,2004-08,23.33,19.5
7,-109.452,35.7189,2049,2004-09,71.98,15.5
7,-109.452,35.7189,2049,2004-10,18.66,9.4
7,-109.452,35.7189,2049,2004-11,32.43,3
7,-109.452,35.7189,2049,2004-12,32.91,-1.3
7,-109.452,35.7189,2049,2005-01,33.51,1.7
7,-109.452,35.7189,2049,2005-02,62.87,1.9
7,-109.452,35.7189,2049,2005-03,25.35,3.7
7,-109.452,35.7189,2049,2005-04,26.25,7.7
7,-109.452,35.7189,2049,2005-05,3.13,13.5
7,-109.452,35.7189,2049,2005-06,1.42,17.2
7,-109.452,35.7189,2049,2005-07,9.73,22.2
7,-109.452,35.7189,2049,2005-08,69.88,19.6
7,-109.452,35.7189,2049,2005-09,10.16,16.8
7,-109.452,35.7189,2049,2005-10,13.78,10.6
7,-109.452,35.7189,2049,2005-11,0,4
7,-109.452,35.7189,2049,2005-12,2.22,-1.5
,,,,,,
8,-107.99,36.658,1694,1991-01,9.9,-3.4
8,-107.99,36.658,1694,1991-02,1.66,2.8
8,-107.99,36.658,1694,1991-03,6.36,5.3
8,-107.99,36.658,1694,1991-04,0,10.3
8,-107.99,36.658,1694,1991-05,0.06,16.4
8,-107.99,36.658,1694,1991-06,17.58,20.4
8,-107.99,36.658,1694,1991-07,8.74,23.7
8,-107.99,36.658,1694,1991-08,25.64,23.4
8,-107.99,36.658,1694,1991-09,17.31,19
8,-107.99,36.658,1694,1991-10,12.05,13.4
8,-107.99,36.658,1694,1991-11,41.29,3.6
8,-107.99,36.658,1694,1991-12,18.86,-1.3
8,-107.99,36.658,1694,1992-01,4.34,-2.1
8,-107.99,36.658,1694,1992-02,5.51,3.5
8,-107.99,36.658,1694,1992-03,10.83,7.3
8,-107.99,36.658,1694,1992-04,10.74,13.6
8,-107.99,36.658,1694,1992-05,43.82,16.8
8,-107.99,36.658,1694,1992-06,0.99,20.9
8,-107.99,36.658,1694,1992-07,26.33,22.9
8,-107.99,36.658,1694,1992-08,43.65,22.8
8,-107.99,36.658,1694,1992-09,13.33,19
8,-107.99,36.658,1694,1992-10,10.44,13.8
8,-107.99,36.658,1694,1992-11,2.2,2
8,-107.99,36.658,1694,1992-12,18.43,-3.6
8,-107.99,36.658,1694,1993-01,64.54,2
8,-107.99,36.658,1694,1993-02,18.52,3.1
8,-107.99,36.658,1694,1993-03,6.35,7.4
8,-107.99,36.658,1694,1993-04,16.21,11.2
8,-107.99,36.658,1694,1993-05,8.03,16.5
8,-107.99,36.658,1694,1993-06,0,21.3
8,-107.99,36.658,1694,1993-07,1.13,24.1
8,-107.99,36.658,1694,1993-08,52,23.4
8,-107.99,36.658,1694,1993-09,27.61,18.3
8,-107.99,36.658,1694,1993-10,15.54,11.4
8,-107.99,36.658,1694,1993-11,19.16,3
8,-107.99,36.658,1694,1993-12,2.78,-0.4
8,-107.99,36.658,1694,1994-01,3.08,0.3
8,-107.99,36.658,1694,1994-02,9.21,1.4
8,-107.99,36.658,1694,1994-03,9.31,8.1
8,-107.99,36.658,1694,1994-04,17.57,11.6
8,-107.99,36.658,1694,1994-05,27.7,16.8
8,-107.99,36.658,1694,1994-06,2.34,23.5
8,-107.99,36.658,1694,1994-07,2.51,25.7
8,-107.99,36.658,1694,1994-08,7.09,25.3
8,-107.99,36.658,1694,1994-09,36.88,19.6
8,-107.99,36.658,1694,1994-10,25.18,11.9
8,-107.99,36.658,1694,1994-11,23.04,4.3
8,-107.99,36.658,1694,1994-12,12.84,1.8
8,-107.99,36.658,1694,1995-01,24.86,1
8,-107.99,36.658,1694,1995-02,0.01,6.5
8,-107.99,36.658,1694,1995-03,39.53,7.8
8,-107.99,36.658,1694,1995-04,30.96,10
8,-107.99,36.658,1694,1995-05,19.3,14.2
8,-107.99,36.658,1694,1995-06,6.91,19.9
8,-107.99,36.658,1694,1995-07,5.58,23.8
8,-107.99,36.658,1694,1995-08,24.52,25.2
8,-107.99,36.658,1694,1995-09,20.2,20.1
8,-107.99,36.658,1694,1995-10,0,11.7
8,-107.99,36.658,1694,1995-11,9.08,7
8,-107.99,36.658,1694,1995-12,9.3,1.7
8,-107.99,36.658,1694,1996-01,6.25,0.3
8,-107.99,36.658,1694,1996-02,12.51,5.2
8,-107.99,36.658,1694,1996-03,2.06,6.9
8,-107.99,36.658,1694,1996-04,0.02,11.9
8,-107.99,36.658,1694,1996-05,0,18.1
8,-107.99,36.658,1694,1996-06,10.78,22.7
8,-107.99,36.658,1694,1996-07,10.26,26.1
8,-107.99,36.658,1694,1996-08,21.35,24.5
8,-107.99,36.658,1694,1996-09,26.31,17.1
8,-107.99,36.658,1694,1996-10,44.29,12
8,-107.99,36.658,1694,1996-11,14.81,5.4
8,-107.99,36.658,1694,1996-12,4.88,0.8
8,-107.99,36.658,1694,1997-01,44.22,-1.1
8,-107.99,36.658,1694,1997-02,12.23,2.9
8,-107.99,36.658,1694,1997-03,0,8.1
8,-107.99,36.658,1694,1997-04,59.39,9.2
8,-107.99,36.658,1694,1997-05,8.57,16.6
8,-107.99,36.658,1694,1997-06,21.47,22.5
8,-107.99,36.658,1694,1997-07,55.7,23.7
8,-107.99,36.658,1694,1997-08,45.11,23
8,-107.99,36.658,1694,1997-09,52.86,20.4
8,-107.99,36.658,1694,1997-10,15.87,11.6
8,-107.99,36.658,1694,1997-11,0.24,4.9
8,-107.99,36.658,1694,1997-12,18.19,-0.2
8,-107.99,36.658,1694,1998-01,0.2,1.3
8,-107.99,36.658,1694,1998-02,15.58,2.3
8,-107.99,36.658,1694,1998-03,4.76,5.9
8,-107.99,36.658,1694,1998-04,14.97,8.9
8,-107.99,36.658,1694,1998-05,0,16.3
8,-107.99,36.658,1694,1998-06,0,20.5
8,-107.99,36.658,1694,1998-07,32.74,25.4
8,-107.99,36.658,1694,1998-08,49.88,24.1
8,-107.99,36.658,1694,1998-09,4.02,21
8,-107.99,36.658,1694,1998-10,73.84,12.5
8,-107.99,36.658,1694,1998-11,44.22,6.7
8,-107.99,36.658,1694,1998-12,3.21,0.5
8,-107.99,36.658,1694,1999-01,0.17,2.2
8,-107.99,36.658,1694,1999-02,4.27,5.3
8,-107.99,36.658,1694,1999-03,0,9.4
8,-107.99,36.658,1694,1999-04,18.58,10.8
8,-107.99,36.658,1694,1999-05,31.27,14.7
8,-107.99,36.658,1694,1999-06,0.56,20.8
8,-107.99,36.658,1694,1999-07,28.86,24.1
8,-107.99,36.658,1694,1999-08,85.57,22.1
8,-107.99,36.658,1694,1999-09,17.99,18.3
8,-107.99,36.658,1694,1999-10,0,12.8
8,-107.99,36.658,1694,1999-11,2.21,7.1
8,-107.99,36.658,1694,1999-12,0.77,-1.2
8,-107.99,36.658,1694,2000-01,9.22,1.5
8,-107.99,36.658,1694,2000-02,10.96,5.1
8,-107.99,36.658,1694,2000-03,50.23,6.8
8,-107.99,36.658,1694,2000-04,6.45,13.1
8,-107.99,36.658,1694,2000-05,0,18.8
8,-107.99,36.658,1694,2000-06,0,23.2
8,-107.99,36.658,1694,2000-07,5.63,25.4
8,-107.99,36.658,1694,2000-08,12.8,24.5
8,-107.99,36.658,1694,2000-09,9.94,20
8,-107.99,36.658,1694,2000-10,39.63,12.5
8,-107.99,36.658,1694,2000-11,15.08,1.7
8,-107.99,36.658,1694,2000-12,1.69,0.9
8,-107.99,36.658,1694,2001-01,26.15,-0.5
8,-107.99,36.658,1694,2001-02,30.79,1.8
8,-107.99,36.658,1694,2001-03,28.77,6.9
8,-107.99,36.658,1694,2001-04,17.06,12.1
8,-107.99,36.658,1694,2001-05,31.01,17.1
8,-107.99,36.658,1694,2001-06,0.96,22.4
8,-107.99,36.658,1694,2001-07,24.64,25.2
8,-107.99,36.658,1694,2001-08,17.83,23.2
8,-107.99,36.658,1694,2001-09,2.62,20.2
8,-107.99,36.658,1694,2001-10,3.58,13.9
8,-107.99,36.658,1694,2001-11,12.95,7.6
8,-107.99,36.658,1694,2001-12,8.44,0
8,-107.99,36.658,1694,2002-01,0.64,0.3
8,-107.99,36.658,1694,2002-02,0,1.4
8,-107.99,36.658,1694,2002-03,0,5
8,-107.99,36.658,1694,2002-04,6.21,13.7
8,-107.99,36.658,1694,2002-05,0,17.8
8,-107.99,36.658,1694,2002-06,0,24.2
8,-107.99,36.658,1694,2002-07,20.17,25.8
8,-107.99,36.658,1694,2002-08,4.97,24
8,-107.99,36.658,1694,2002-09,59.87,18.8
8,-107.99,36.658,1694,2002-10,28.5,11.3
8,-107.99,36.658,1694,2002-11,42.21,4.5
8,-107.99,36.658,1694,2002-12,14.83,-0.2
8,-107.99,36.658,1694,2003-01,0,3
8,-107.99,36.658,1694,2003-02,34.64,2.5
8,-107.99,36.658,1694,2003-03,19.13,6.4
8,-107.99,36.658,1694,2003-04,0.23,11.3
8,-107.99,36.658,1694,2003-05,0,17.5
8,-107.99,36.658,1694,2003-06,6.57,21.3
8,-107.99,36.658,1694,2003-07,9.91,26.7
8,-107.99,36.658,1694,2003-08,25.39,24.7
8,-107.99,36.658,1694,2003-09,24.29,19.3
8,-107.99,36.658,1694,2003-10,12.25,14.5
8,-107.99,36.658,1694,2003-11,31.43,5.4
8,-107.99,36.658,1694,2003-12,12.72,1.4
8,-107.99,36.658,1694,2004-01,9.64,-0.2
8,-107.99,36.658,1694,2004-02,11.89,1.1
8,-107.99,36.658,1694,2004-03,0,10.4
8,-107.99,36.658,1694,2004-04,57.59,11
8,-107.99,36.658,1694,2004-05,0,17
8,-107.99,36.658,1694,2004-06,0.79,21.6
8,-107.99,36.658,1694,2004-07,1.49,24.1
8,-107.99,36.658,1694,2004-08,10.93,22.9
8,-107.99,36.658,1694,2004-09,64.51,18.4
8,-107.99,36.658,1694,2004-10,4.3,12.1
8,-107.99,36.658,1694,2004-11,24.71,4.8
8,-107.99,36.658,1694,2004-12,15.5,-0.3
8,-107.99,36.658,1694,2005-01,59.19,3.3
8,-107.99,36.658,1694,2005-02,56.69,4
8,-107.99,36.658,1694,2005-03,17.28,6.3
8,-107.99,36.658,1694,2005-04,20.15,11.5
8,-107.99,36.658,1694,2005-05,8.77,16.8
8,-107.99,36.658,1694,2005-06,2.62,20.9
8,-107.99,36.658,1694,2005-07,13.55,25.9
8,-107.99,36.658,1694,2005-08,10.92,23.2
8,-107.99,36.658,1694,2005-09,38.37,19.8
8,-107.99,36.658,1694,2005-10,39.5,12.9
8,-107.99,36.658,1694,2005-11,2.48,5.8
8,-107.99,36.658,1694,2005-12,4.24,0.1
,,,,,,
9,-111.8193,33.9331,1187,1991-01,41.93,7.1
9,-111.8193,33.9331,1187,1991-02,46.86,12
9,-111.8193,33.9331,1187,1991-03,220.8,8
9,-111.8193,33.9331,1187,1991-04,0,13.9
9,-111.8193,33.9331,1187,1991-05,0,18.3
9,-111.8193,33.9331,1187,1991-06,0,22.9
9,-111.8193,33.9331,1187,1991-07,9.55,27.3
9,-111.8193,33.9331,1187,1991-08,26.12,27.4
9,-111.8193,33.9331,1187,1991-09,34.2,24
9,-111.8193,33.9331,1187,1991-10,24.02,20.3
9,-111.8193,33.9331,1187,1991-11,42.19,11.4
9,-111.8193,33.9331,1187,1991-12,99.1,7.7
9,-111.8193,33.9331,1187,1992-01,64.67,6.8
9,-111.8193,33.9331,1187,1992-02,84.91,9.7
9,-111.8193,33.9331,1187,1992-03,151.83,10.8
9,-111.8193,33.9331,1187,1992-04,36.69,16.7
9,-111.8193,33.9331,1187,1992-05,68.48,20.5
9,-111.8193,33.9331,1187,1992-06,2.02,23.9
9,-111.8193,33.9331,1187,1992-07,66.24,26.6
9,-111.8193,33.9331,1187,1992-08,144.86,26.1
9,-111.8193,33.9331,1187,1992-09,10.36,24.3
9,-111.8193,33.9331,1187,1992-10,31.17,19.8
9,-111.8193,33.9331,1187,1992-11,4.05,10.1
9,-111.8193,33.9331,1187,1992-12,155.71,6.3
9,-111.8193,33.9331,1187,1993-01,342.45,8
9,-111.8193,33.9331,1187,1993-02,148.46,8
9,-111.8193,33.9331,1187,1993-03,62.6,11.8
9,-111.8193,33.9331,1187,1993-04,0,15.6
9,-111.8193,33.9331,1187,1993-05,4.04,21
9,-111.8193,33.9331,1187,1993-06,0.97,24.7
9,-111.8193,33.9331,1187,1993-07,1.52,26.1
9,-111.8193,33.9331,1187,1993-08,99.46,26.5
9,-111.8193,33.9331,1187,1993-09,17.48,23.8
9,-111.8193,33.9331,1187,1993-10,96.94,18.2
9,-111.8193,33.9331,1187,1993-11,94.58,10.3
9,-111.8193,33.9331,1187,1993-12,9.5,7.8
9,-111.8193,33.9331,1187,1994-01,5.88,8.5
9,-111.8193,33.9331,1187,1994-02,47.37,7.9
9,-111.8193,33.9331,1187,1994-03,50.26,12.5
9,-111.8193,33.9331,1187,1994-04,15.55,15.8
9,-111.8193,33.9331,1187,1994-05,12.85,19
9,-111.8193,33.9331,1187,1994-06,0,27.3
9,-111.8193,33.9331,1187,1994-07,22.45,28
9,-111.8193,33.9331,1187,1994-08,27.09,28.8
9,-111.8193,33.9331,1187,1994-09,29.38,24.9
9,-111.8193,33.9331,1187,1994-10,26.03,17.2
9,-111.8193,33.9331,1187,1994-11,25.36,9.3
9,-111.8193,33.9331,1187,1994-12,92.26,8.6
9,-111.8193,33.9331,1187,1995-01,170.17,7
9,-111.8193,33.9331,1187,1995-02,81.35,11.7
9,-111.8193,33.9331,1187,1995-03,123.07,11.6
9,-111.8193,33.9331,1187,1995-04,28.28,13.5
9,-111.8193,33.9331,1187,1995-05,2.41,17.2
9,-111.8193,33.9331,1187,1995-06,0,23.8
9,-111.8193,33.9331,1187,1995-07,4.01,27.9
9,-111.8193,33.9331,1187,1995-08,70.22,28.6
9,-111.8193,33.9331,1187,1995-09,55.61,25.4
9,-111.8193,33.9331,1187,1995-10,0,19.7
9,-111.8193,33.9331,1187,1995-11,35.56,14.9
9,-111.8193,33.9331,1187,1995-12,0.86,9.2
9,-111.8193,33.9331,1187,1996-01,1.91,8.5
9,-111.8193,33.9331,1187,1996-02,39.18,11.5
9,-111.8193,33.9331,1187,1996-03,17.71,11.9
9,-111.8193,33.9331,1187,1996-04,0,16.5
9,-111.8193,33.9331,1187,1996-05,0,21.4
9,-111.8193,33.9331,1187,1996-06,0,26.6
9,-111.8193,33.9331,1187,1996-07,42.85,28.1
9,-111.8193,33.9331,1187,1996-08,44.09,27.5
9,-111.8193,33.9331,1187,1996-09,70.95,22.1
9,-111.8193,33.9331,1187,1996-10,12.77,18.1
9,-111.8193,33.9331,1187,1996-11,8.72,12.9
9,-111.8193,33.9331,1187,1996-12,7.34,8.5
9,-111.8193,33.9331,1187,1997-01,87,7.1
9,-111.8193,33.9331,1187,1997-02,23.7,8.8
9,-111.8193,33.9331,1187,1997-03,1.05,14.1
9,-111.8193,33.9331,1187,1997-04,27.12,14.2
9,-111.8193,33.9331,1187,1997-05,5.14,22.6
9,-111.8193,33.9331,1187,1997-06,0.41,24
9,-111.8193,33.9331,1187,1997-07,2.73,27.5
9,-111.8193,33.9331,1187,1997-08,40.76,27.4
9,-111.8193,33.9331,1187,1997-09,29.92,25.8
9,-111.8193,33.9331,1187,1997-10,7.87,17.6
9,-111.8193,33.9331,1187,1997-11,5.73,12.8
9,-111.8193,33.9331,1187,1997-12,101.57,6.2
9,-111.8193,33.9331,1187,1998-01,41.89,8.1
9,-111.8193,33.9331,1187,1998-02,172.53,6
9,-111.8193,33.9331,1187,1998-03,99.67,9.9
9,-111.8193,33.9331,1187,1998-04,53.68,11.7
9,-111.8193,33.9331,1187,1998-05,4.24,17.5
9,-111.8193,33.9331,1187,1998-06,0,22.7
9,-111.8193,33.9331,1187,1998-07,27.26,27.9
9,-111.8193,33.9331,1187,1998-08,24.26,28.1
9,-111.8193,33.9331,1187,1998-09,31.14,24.5
9,-111.8193,33.9331,1187,1998-10,81.92,17.8
9,-111.8193,33.9331,1187,1998-11,22.77,12.2
9,-111.8193,33.9331,1187,1998-12,21.52,7.8
9,-111.8193,33.9331,1187,1999-01,5.1,9.2
9,-111.8193,33.9331,1187,1999-02,21.67,10.4
9,-111.8193,33.9331,1187,1999-03,4.67,12.3
9,-111.8193,33.9331,1187,1999-04,89.11,12.2
9,-111.8193,33.9331,1187,1999-05,0,18.8
9,-111.8193,33.9331,1187,1999-06,1,24.2
9,-111.8193,33.9331,1187,1999-07,85.22,26.4
9,-111.8193,33.9331,1187,1999-08,42.6,27.1
9,-111.8193,33.9331,1187,1999-09,69.74,24.1
9,-111.8193,33.9331,1187,1999-10,0,20.6
9,-111.8193,33.9331,1187,1999-11,0,15.7
9,-111.8193,33.9331,1187,1999-12,0,8
9,-111.8193,33.9331,1187,2000-01,8.99,9.6
9,-111.8193,33.9331,1187,2000-02,16.02,10.6
9,-111.8193,33.9331,1187,2000-03,107.12,11.1
9,-111.8193,33.9331,1187,2000-04,1.57,17.5
9,-111.8193,33.9331,1187,2000-05,0,22.2
9,-111.8193,33.9331,1187,2000-06,15.49,26.3
9,-111.8193,33.9331,1187,2000-07,3.52,28.2
9,-111.8193,33.9331,1187,2000-08,62.9,27.3
9,-111.8193,33.9331,1187,2000-09,0,25.4
9,-111.8193,33.9331,1187,2000-10,216.59,17.1
9,-111.8193,33.9331,1187,2000-11,11.13,7.8
9,-111.8193,33.9331,1187,2000-12,0.43,9.4
9,-111.8193,33.9331,1187,2001-01,138.47,6.4
9,-111.8193,33.9331,1187,2001-02,28.99,7.9
9,-111.8193,33.9331,1187,2001-03,50.84,11.6
9,-111.8193,33.9331,1187,2001-04,60.75,14.7
9,-111.8193,33.9331,1187,2001-05,2.38,22.8
9,-111.8193,33.9331,1187,2001-06,2.38,26.3
9,-111.8193,33.9331,1187,2001-07,29.7,27.6
9,-111.8193,33.9331,1187,2001-08,38.27,27.4
9,-111.8193,33.9331,1187,2001-09,0,25.8
9,-111.8193,33.9331,1187,2001-10,4.13,20.2
9,-111.8193,33.9331,1187,2001-11,4.22,13.7
9,-111.8193,33.9331,1187,2001-12,34.78,6.5
9,-111.8193,33.9331,1187,2002-01,10.18,7.7
9,-111.8193,33.9331,1187,2002-02,0,9.9
9,-111.8193,33.9331,1187,2002-03,4.76,11.4
9,-111.8193,33.9331,1187,2002-04,7.64,17.4
9,-111.8193,33.9331,1187,2002-05,0,20
9,-111.8193,33.9331,1187,2002-06,0,26.9
9,-111.8193,33.9331,1187,2002-07,22.38,28.7
9,-111.8193,33.9331,1187,2002-08,14.44,27.6
9,-111.8193,33.9331,1187,2002-09,58.54,24.9
9,-111.8193,33.9331,1187,2002-10,48.47,17.2
9,-111.8193,33.9331,1187,2002-11,15.49,13.1
9,-111.8193,33.9331,1187,2002-12,15.22,7.1
9,-111.8193,33.9331,1187,2003-01,14.4,11.6
9,-111.8193,33.9331,1187,2003-02,158.24,8.6
9,-111.8193,33.9331,1187,2003-03,89.76,10.6
9,-111.8193,33.9331,1187,2003-04,6.82,13.9
9,-111.8193,33.9331,1187,2003-05,0,20.9
9,-111.8193,33.9331,1187,2003-06,0,25.6
9,-111.8193,33.9331,1187,2003-07,16.83,29.4
9,-111.8193,33.9331,1187,2003-08,54.88,27.7
9,-111.8193,33.9331,1187,2003-09,16.97,25.4
9,-111.8193,33.9331,1187,2003-10,60.48,21.8
9,-111.8193,33.9331,1187,2003-11,37.79,11
9,-111.8193,33.9331,1187,2003-12,10.21,8.1
9,-111.8193,33.9331,1187,2004-01,16.45,8.2
9,-111.8193,33.9331,1187,2004-02,54.06,7.1
9,-111.8193,33.9331,1187,2004-03,59.61,15.3
9,-111.8193,33.9331,1187,2004-04,58.36,15.6
9,-111.8193,33.9331,1187,2004-05,0,21
9,-111.8193,33.9331,1187,2004-06,0,26.2
9,-111.8193,33.9331,1187,2004-07,15.11,28.2
9,-111.8193,33.9331,1187,2004-08,29.95,26.8
9,-111.8193,33.9331,1187,2004-09,51.17,24.2
9,-111.8193,33.9331,1187,2004-10,42.59,17.4
9,-111.8193,33.9331,1187,2004-11,38.83,10.2
9,-111.8193,33.9331,1187,2004-12,100.21,8
9,-111.8193,33.9331,1187,2005-01,148.44,8.8
9,-111.8193,33.9331,1187,2005-02,184.32,8.9
9,-111.8193,33.9331,1187,2005-03,22.54,10.8
9,-111.8193,33.9331,1187,2005-04,24.27,15.3
9,-111.8193,33.9331,1187,2005-05,0,21.1
9,-111.8193,33.9331,1187,2005-06,1.84,25.5
9,-111.8193,33.9331,1187,2005-07,35.83,29
9,-111.8193,33.9331,1187,2005-08,49.81,26.7
9,-111.8193,33.9331,1187,2005-09,4,25.1
9,-111.8193,33.9331,1187,2005-10,17.8,19.4
9,-111.8193,33.9331,1187,2005-11,2.49,13.9
9,-111.8193,33.9331,1187,2005-12,0,9.2
,,,,,,
10,-106.111,36.3201,2113,1991-01,8.74,-2
10,-106.111,36.3201,2113,1991-02,0,3.8
10,-106.111,36.3201,2113,1991-03,26.28,4.2
10,-106.111,36.3201,2113,1991-04,0.6,8.5
10,-106.111,36.3201,2113,1991-05,35.12,15.5
10,-106.111,36.3201,2113,1991-06,55.65,18.4
10,-106.111,36.3201,2113,1991-07,59.83,20.6
10,-106.111,36.3201,2113,1991-08,60.29,19.7
10,-106.111,36.3201,2113,1991-09,46.09,17.4
10,-106.111,36.3201,2113,1991-10,10.25,13.3
10,-106.111,36.3201,2113,1991-11,52.74,2.1
10,-106.111,36.3201,2113,1991-12,36.08,-1.7
10,-106.111,36.3201,2113,1992-01,9.72,-3.6
10,-106.111,36.3201,2113,1992-02,7.18,0.9
10,-106.111,36.3201,2113,1992-03,31.89,4.8
10,-106.111,36.3201,2113,1992-04,12.82,10.5
10,-106.111,36.3201,2113,1992-05,53.47,15.4
10,-106.111,36.3201,2113,1992-06,17.23,18.1
10,-106.111,36.3201,2113,1992-07,30.97,20.8
10,-106.111,36.3201,2113,1992-08,71.11,20
10,-106.111,36.3201,2113,1992-09,14.94,18
10,-106.111,36.3201,2113,1992-10,6.38,14.3
10,-106.111,36.3201,2113,1992-11,25.48,1.4
10,-106.111,36.3201,2113,1992-12,39.54,-3.7
10,-106.111,36.3201,2113,1993-01,40.6,-0.3
10,-106.111,36.3201,2113,1993-02,34.05,1
10,-106.111,36.3201,2113,1993-03,27.28,5.4
10,-106.111,36.3201,2113,1993-04,2.26,8.7
10,-106.111,36.3201,2113,1993-05,25.63,13.2
10,-106.111,36.3201,2113,1993-06,9.41,17.3
10,-106.111,36.3201,2113,1993-07,8.35,20.7
10,-106.111,36.3201,2113,1993-08,107.62,19.2
10,-106.111,36.3201,2113,1993-09,18.13,15.6
10,-106.111,36.3201,2113,1993-10,23.87,9.5
10,-106.111,36.3201,2113,1993-11,35.47,2.7
10,-106.111,36.3201,2113,1993-12,4.04,0.4
10,-106.111,36.3201,2113,1994-01,6.9,1
10,-106.111,36.3201,2113,1994-02,19.57,0.5
10,-106.111,36.3201,2113,1994-03,40.72,6.2
10,-106.111,36.3201,2113,1994-04,35.92,8.8
10,-106.111,36.3201,2113,1994-05,46.15,13.6
10,-106.111,36.3201,2113,1994-06,9,19.8
10,-106.111,36.3201,2113,1994-07,28.61,20.9
10,-106.111,36.3201,2113,1994-08,57.68,21
10,-106.111,36.3201,2113,1994-09,35.69,16.7
10,-106.111,36.3201,2113,1994-10,42.08,10
10,-106.111,36.3201,2113,1994-11,45.66,2.8
10,-106.111,36.3201,2113,1994-12,9.74,0.9
10,-106.111,36.3201,2113,1995-01,27.28,-0.5
10,-106.111,36.3201,2113,1995-02,9.11,4.9
10,-106.111,36.3201,2113,1995-03,34.34,5.1
10,-106.111,36.3201,2113,1995-04,34.86,6.3
10,-106.111,36.3201,2113,1995-05,37.57,11
10,-106.111,36.3201,2113,1995-06,18.69,16.1
10,-106.111,36.3201,2113,1995-07,16.09,19.8
10,-106.111,36.3201,2113,1995-08,56.1,21
10,-106.111,36.3201,2113,1995-09,42.06,17
10,-106.111,36.3201,2113,1995-10,0,11.1
10,-106.111,36.3201,2113,1995-11,7.2,6
10,-106.111,36.3201,2113,1995-12,10.71,0.8
10,-106.111,36.3201,2113,1996-01,15.1,-1
10,-106.111,36.3201,2113,1996-02,11.2,3.7
10,-106.111,36.3201,2113,1996-03,11.65,4.1
10,-106.111,36.3201,2113,1996-04,0,8.8
10,-106.111,36.3201,2113,1996-05,0,17.3
10,-106.111,36.3201,2113,1996-06,44.88,19.8
10,-106.111,36.3201,2113,1996-07,80.48,21.2
10,-106.111,36.3201,2113,1996-08,59.25,20.1
10,-106.111,36.3201,2113,1996-09,25.37,15.3
10,-106.111,36.3201,2113,1996-10,40.75,10.5
10,-106.111,36.3201,2113,1996-11,27.54,4.6
10,-106.111,36.3201,2113,1996-12,8.67,-0.7
10,-106.111,36.3201,2113,1997-01,32.07,-2.6
10,-106.111,36.3201,2113,1997-02,24.06,0.6
10,-106.111,36.3201,2113,1997-03,2.32,6.1
10,-106.111,36.3201,2113,1997-04,27.76,7.3
10,-106.111,36.3201,2113,1997-05,49.02,13
10,-106.111,36.3201,2113,1997-06,36.51,16.9
10,-106.111,36.3201,2113,1997-07,31.18,20.2
10,-106.111,36.3201,2113,1997-08,47.94,19.9
10,-106.111,36.3201,2113,1997-09,44.91,18.1
10,-106.111,36.3201,2113,1997-10,15.81,10.1
10,-106.111,36.3201,2113,1997-11,24.82,3
10,-106.111,36.3201,2113,1997-12,19.09,-2.4
10,-106.111,36.3201,2113,1998-01,2.06,0
10,-106.111,36.3201,2113,1998-02,12.63,0.4
10,-106.111,36.3201,2113,1998-03,26.11,3.2
10,-106.111,36.3201,2113,1998-04,6.17,6.2
10,-106.111,36.3201,2113,1998-05,0,13.8
10,-106.111,36.3201,2113,1998-06,3.35,17
10,-106.111,36.3201,2113,1998-07,60.62,21.4
10,-106.111,36.3201,2113,1998-08,42.82,20.3
10,-106.111,36.3201,2113,1998-09,49.16,19.4
10,-106.111,36.3201,2113,1998-10,84.84,11
10,-106.111,36.3201,2113,1998-11,33.56,5.2
10,-106.111,36.3201,2113,1998-12,2.35,0.9
10,-106.111,36.3201,2113,1999-01,10.33,1.8
10,-106.111,36.3201,2113,1999-02,1.62,3.9
10,-106.111,36.3201,2113,1999-03,20.33,6.9
10,-106.111,36.3201,2113,1999-04,63.61,7.8
10,-106.111,36.3201,2113,1999-05,39.56,12.2
10,-106.111,36.3201,2113,1999-06,40.17,16.9
10,-106.111,36.3201,2113,1999-07,58.78,20.7
10,-106.111,36.3201,2113,1999-08,110.68,19.2
10,-106.111,36.3201,2113,1999-09,31.54,15.6
10,-106.111,36.3201,2113,1999-10,7.13,11.8
10,-106.111,36.3201,2113,1999-11,0.31,8.2
10,-106.111,36.3201,2113,1999-12,2.84,-0.3
10,-106.111,36.3201,2113,2000-01,13,0.9
10,-106.111,36.3201,2113,2000-02,3.92,3.8
10,-106.111,36.3201,2113,2000-03,27.94,5.2
10,-106.111,36.3201,2113,2000-04,6.35,10.1
10,-106.111,36.3201,2113,2000-05,6.03,16.8
10,-106.111,36.3201,2113,2000-06,15.85,20.2
10,-106.111,36.3201,2113,2000-07,25.66,21.9
10,-106.111,36.3201,2113,2000-08,36.45,21.9
10,-106.111,36.3201,2113,2000-09,2.87,18.7
10,-106.111,36.3201,2113,2000-10,64.28,10.1
10,-106.111,36.3201,2113,2000-11,17.83,0.7
10,-106.111,36.3201,2113,2000-12,7.61,0.1
10,-106.111,36.3201,2113,2001-01,27.78,-2.3
10,-106.111,36.3201,2113,2001-02,17.98,1.9
10,-106.111,36.3201,2113,2001-03,15.92,4.3
10,-106.111,36.3201,2113,2001-04,11.75,10.1
10,-106.111,36.3201,2113,2001-05,16.06,15.5
10,-106.111,36.3201,2113,2001-06,7.86,19.8
10,-106.111,36.3201,2113,2001-07,55.42,21.8
10,-106.111,36.3201,2113,2001-08,44.87,20.4
10,-106.111,36.3201,2113,2001-09,19.97,18.2
10,-106.111,36.3201,2113,2001-10,3.84,13
10,-106.111,36.3201,2113,2001-11,22.4,6.1
10,-106.111,36.3201,2113,2001-12,12.24,-0.7
10,-106.111,36.3201,2113,2002-01,17.37,-0.8
10,-106.111,36.3201,2113,2002-02,2.75,0.1
10,-106.111,36.3201,2113,2002-03,1.33,3.9
10,-106.111,36.3201,2113,2002-04,8.04,12
10,-106.111,36.3201,2113,2002-05,0,14.8
10,-106.111,36.3201,2113,2002-06,18.65,21.2
10,-106.111,36.3201,2113,2002-07,29.26,22.2
10,-106.111,36.3201,2113,2002-08,23.08,21.3
10,-106.111,36.3201,2113,2002-09,82.66,17
10,-106.111,36.3201,2113,2002-10,31.01,10.1
10,-106.111,36.3201,2113,2002-11,28.03,3.7
10,-106.111,36.3201,2113,2002-12,20.56,-1
10,-106.111,36.3201,2113,2003-01,0.73,2.6
10,-106.111,36.3201,2113,2003-02,29.98,1.3
10,-106.111,36.3201,2113,2003-03,23.23,4.7
10,-106.111,36.3201,2113,2003-04,4.74,9.2
10,-106.111,36.3201,2113,2003-05,5.91,15.5
10,-106.111,36.3201,2113,2003-06,9.01,18.4
10,-106.111,36.3201,2113,2003-07,22.73,24.3
10,-106.111,36.3201,2113,2003-08,35.29,21.6
10,-106.111,36.3201,2113,2003-09,39.56,17.1
10,-106.111,36.3201,2113,2003-10,20.66,13.4
10,-106.111,36.3201,2113,2003-11,24.82,3.7
10,-106.111,36.3201,2113,2003-12,9.79,0.2
10,-106.111,36.3201,2113,2004-01,12.78,-0.8
10,-106.111,36.3201,2113,2004-02,30.36,-2.6
10,-106.111,36.3201,2113,2004-03,11.49,7.6
10,-106.111,36.3201,2113,2004-04,77.47,8.5
10,-106.111,36.3201,2113,2004-05,0,14.5
10,-106.111,36.3201,2113,2004-06,7.96,18.2
10,-106.111,36.3201,2113,2004-07,44.83,21
10,-106.111,36.3201,2113,2004-08,22.51,20
10,-106.111,36.3201,2113,2004-09,28.15,16.6
10,-106.111,36.3201,2113,2004-10,34.27,10
10,-106.111,36.3201,2113,2004-11,20.46,3.6
10,-106.111,36.3201,2113,2004-12,11.03,-1
10,-106.111,36.3201,2113,2005-01,50.94,2.3
10,-106.111,36.3201,2113,2005-02,34.77,1.9
10,-106.111,36.3201,2113,2005-03,36.24,3.6
10,-106.111,36.3201,2113,2005-04,30.89,8.7
10,-106.111,36.3201,2113,2005-05,21.3,14.6
10,-106.111,36.3201,2113,2005-06,8.09,17.9
10,-106.111,36.3201,2113,2005-07,14.31,22.7
10,-106.111,36.3201,2113,2005-08,47.6,19.9
10,-106.111,36.3201,2113,2005-09,54.02,18
10,-106.111,36.3201,2113,2005-10,38.47,11.4
10,-106.111,36.3201,2113,2005-11,1.86,5.5
10,-106.111,36.3201,2113,2005-12,2.37,0.3
,,,,,,
11,-106.1374,35.805,1887,1991-01,3.78,-1.5
11,-106.1374,35.805,1887,1991-02,2.73,4.1
11,-106.1374,35.805,1887,1991-03,26.59,5
11,-106.1374,35.805,1887,1991-04,0,10
11,-106.1374,35.805,1887,1991-05,42.72,15.1
11,-106.1374,35.805,1887,1991-06,59.4,19.5
11,-106.1374,35.805,1887,1991-07,88.46,21.4
11,-106.1374,35.805,1887,1991-08,76.94,20.9
11,-106.1374,35.805,1887,1991-09,56.7,17
11,-106.1374,35.805,1887,1991-10,10.35,12.7
11,-106.1374,35.805,1887,1991-11,58.37,3.6
11,-106.1374,35.805,1887,1991-12,39.12,0
11,-106.1374,35.805,1887,1992-01,12.27,-2.2
11,-106.1374,35.805,1887,1992-02,6.42,3.2
11,-106.1374,35.805,1887,1992-03,17.34,6.9
11,-106.1374,35.805,1887,1992-04,7.77,12.1
11,-106.1374,35.805,1887,1992-05,57.17,15
11,-106.1374,35.805,1887,1992-06,23.78,19
11,-106.1374,35.805,1887,1992-07,27.19,21.5
11,-106.1374,35.805,1887,1992-08,73.34,20.5
11,-106.1374,35.805,1887,1992-09,26.46,17.9
11,-106.1374,35.805,1887,1992-10,11.75,13.2
11,-106.1374,35.805,1887,1992-11,28.76,1.8
11,-106.1374,35.805,1887,1992-12,40.58,-2.7
11,-106.1374,35.805,1887,1993-01,45.96,0.9
11,-106.1374,35.805,1887,1993-02,29.43,2.6
11,-106.1374,35.805,1887,1993-03,28.42,6.2
11,-106.1374,35.805,1887,1993-04,0.17,10.4
11,-106.1374,35.805,1887,1993-05,9.31,15
11,-106.1374,35.805,1887,1993-06,11.55,20.4
11,-106.1374,35.805,1887,1993-07,40.52,23
11,-106.1374,35.805,1887,1993-08,102.61,20.8
11,-106.1374,35.805,1887,1993-09,9.74,17.2
11,-106.1374,35.805,1887,1993-10,13.88,10.7
11,-106.1374,35.805,1887,1993-11,26.58,3.2
11,-106.1374,35.805,1887,1993-12,3.03,0
11,-106.1374,35.805,1887,1994-01,5.45,0.6
11,-106.1374,35.805,1887,1994-02,6.82,0.9
11,-106.1374,35.805,1887,1994-03,40.32,6.8
11,-106.1374,35.805,1887,1994-04,26.6,10.2
11,-106.1374,35.805,1887,1994-05,74.14,15.3
11,-106.1374,35.805,1887,1994-06,12.68,22.4
11,-106.1374,35.805,1887,1994-07,26.08,22.8
11,-106.1374,35.805,1887,1994-08,76.7,22.5
11,-106.1374,35.805,1887,1994-09,47.01,17.6
11,-106.1374,35.805,1887,1994-10,55.26,10.6
11,-106.1374,35.805,1887,1994-11,41.22,4.2
11,-106.1374,35.805,1887,1994-12,13.65,2.1
11,-106.1374,35.805,1887,1995-01,18.12,0.2
11,-106.1374,35.805,1887,1995-02,10.38,5.5
11,-106.1374,35.805,1887,1995-03,20.44,7.1
11,-106.1374,35.805,1887,1995-04,22.57,8.3
11,-106.1374,35.805,1887,1995-05,25.19,13.8
11,-106.1374,35.805,1887,1995-06,22.04,18.9
11,-106.1374,35.805,1887,1995-07,20.7,22.3
11,-106.1374,35.805,1887,1995-08,33.93,22.9
11,-106.1374,35.805,1887,1995-09,38.54,17.9
11,-106.1374,35.805,1887,1995-10,0,11.7
11,-106.1374,35.805,1887,1995-11,5.88,7.3
11,-106.1374,35.805,1887,1995-12,6.47,2
11,-106.1374,35.805,1887,1996-01,14.37,0.3
11,-106.1374,35.805,1887,1996-02,6.99,5.2
11,-106.1374,35.805,1887,1996-03,4.5,5.5
11,-106.1374,35.805,1887,1996-04,0,11.3
11,-106.1374,35.805,1887,1996-05,0,18.7
11,-106.1374,35.805,1887,1996-06,68.97,21.9
11,-106.1374,35.805,1887,1996-07,58.28,22.8
11,-106.1374,35.805,1887,1996-08,64.45,21.5
11,-106.1374,35.805,1887,1996-09,46.41,16.1
11,-106.1374,35.805,1887,1996-10,57.29,10.6
11,-106.1374,35.805,1887,1996-11,15.75,6
11,-106.1374,35.805,1887,1996-12,1.26,0.9
11,-106.1374,35.805,1887,1997-01,30.28,-1.5
11,-106.1374,35.805,1887,1997-02,22.47,2.5
11,-106.1374,35.805,1887,1997-03,4.75,8
11,-106.1374,35.805,1887,1997-04,30.83,8.4
11,-106.1374,35.805,1887,1997-05,30.56,15.5
11,-106.1374,35.805,1887,1997-06,38.36,20.2
11,-106.1374,35.805,1887,1997-07,65.45,22.8
11,-106.1374,35.805,1887,1997-08,55.22,21.9
11,-106.1374,35.805,1887,1997-09,57.97,19.6
11,-106.1374,35.805,1887,1997-10,7.85,11.5
11,-106.1374,35.805,1887,1997-11,26.28,3.7
11,-106.1374,35.805,1887,1997-12,36.68,-2
11,-106.1374,35.805,1887,1998-01,1.61,1
11,-106.1374,35.805,1887,1998-02,12.06,1.9
11,-106.1374,35.805,1887,1998-03,27.9,5.1
11,-106.1374,35.805,1887,1998-04,5.82,8
11,-106.1374,35.805,1887,1998-05,0,15.4
11,-106.1374,35.805,1887,1998-06,9.53,19.9
11,-106.1374,35.805,1887,1998-07,74.43,22.7
11,-106.1374,35.805,1887,1998-08,43.43,21.8
11,-106.1374,35.805,1887,1998-09,24.62,20.6
11,-106.1374,35.805,1887,1998-10,79.99,11.9
11,-106.1374,35.805,1887,1998-11,29.35,6.4
11,-106.1374,35.805,1887,1998-12,0.62,1.7
11,-106.1374,35.805,1887,1999-01,2.07,2.5
11,-106.1374,35.805,1887,1999-02,0.13,4.4
11,-106.1374,35.805,1887,1999-03,35.99,7.1
11,-106.1374,35.805,1887,1999-04,31.24,8.9
11,-106.1374,35.805,1887,1999-05,18.15,14.1
11,-106.1374,35.805,1887,1999-06,41.1,19.2
11,-106.1374,35.805,1887,1999-07,59.19,22.3
11,-106.1374,35.805,1887,1999-08,83.42,21
11,-106.1374,35.805,1887,1999-09,34.47,17.7
11,-106.1374,35.805,1887,1999-10,11.49,12.4
11,-106.1374,35.805,1887,1999-11,0,8.1
11,-106.1374,35.805,1887,1999-12,4.91,0.1
11,-106.1374,35.805,1887,2000-01,1.36,2.1
11,-106.1374,35.805,1887,2000-02,2.94,5.1
11,-106.1374,35.805,1887,2000-03,24.97,6.7
11,-106.1374,35.805,1887,2000-04,9.94,12
11,-106.1374,35.805,1887,2000-05,3.53,18.1
11,-106.1374,35.805,1887,2000-06,23.2,21.6
11,-106.1374,35.805,1887,2000-07,15.26,23.5
11,-106.1374,35.805,1887,2000-08,48.4,22.9
11,-106.1374,35.805,1887,2000-09,3.32,19.9
11,-106.1374,35.805,1887,2000-10,81.41,11
11,-106.1374,35.805,1887,2000-11,33.87,1.2
11,-106.1374,35.805,1887,2000-12,13.95,0.3
11,-106.1374,35.805,1887,2001-01,32.62,-1.9
11,-106.1374,35.805,1887,2001-02,13.56,3
11,-106.1374,35.805,1887,2001-03,16.28,6.1
11,-106.1374,35.805,1887,2001-04,12.4,11.5
11,-106.1374,35.805,1887,2001-05,21.41,17.2
11,-106.1374,35.805,1887,2001-06,16.61,21.7
11,-106.1374,35.805,1887,2001-07,50.99,23.8
11,-106.1374,35.805,1887,2001-08,88.9,21.3
11,-106.1374,35.805,1887,2001-09,5.92,19.1
11,-106.1374,35.805,1887,2001-10,0.35,12.7
11,-106.1374,35.805,1887,2001-11,8.28,6.7
11,-106.1374,35.805,1887,2001-12,10.14,-0.1
11,-106.1374,35.805,1887,2002-01,17.28,0.5
11,-106.1374,35.805,1887,2002-02,0.34,0.9
11,-106.1374,35.805,1887,2002-03,1.25,5.3
11,-106.1374,35.805,1887,2002-04,9.45,13.5
11,-106.1374,35.805,1887,2002-05,1.33,16.6
11,-106.1374,35.805,1887,2002-06,16.17,23.1
11,-106.1374,35.805,1887,2002-07,43.02,23.1
11,-106.1374,35.805,1887,2002-08,29.87,22.7
11,-106.1374,35.805,1887,2002-09,61.91,18.3
11,-106.1374,35.805,1887,2002-10,35.95,10.9
11,-106.1374,35.805,1887,2002-11,18.04,4.5
11,-106.1374,35.805,1887,2002-12,16.05,0.3
11,-106.1374,35.805,1887,2003-01,0,3.7
11,-106.1374,35.805,1887,2003-02,26.57,2.7
11,-106.1374,35.805,1887,2003-03,21.84,5.9
11,-106.1374,35.805,1887,2003-04,3.64,10.7
11,-106.1374,35.805,1887,2003-05,26.8,16.8
11,-106.1374,35.805,1887,2003-06,13.74,20.6
11,-106.1374,35.805,1887,2003-07,8.7,25.8
11,-106.1374,35.805,1887,2003-08,38.21,23.1
11,-106.1374,35.805,1887,2003-09,21.41,18.6
11,-106.1374,35.805,1887,2003-10,28.07,14.3
11,-106.1374,35.805,1887,2003-11,16.9,5.3
11,-106.1374,35.805,1887,2003-12,8.31,1.2
11,-106.1374,35.805,1887,2004-01,5.53,1
11,-106.1374,35.805,1887,2004-02,28.56,0.2
11,-106.1374,35.805,1887,2004-03,17.04,8.9
11,-106.1374,35.805,1887,2004-04,70.05,10
11,-106.1374,35.805,1887,2004-05,0,16.7
11,-106.1374,35.805,1887,2004-06,12.84,21.1
11,-106.1374,35.805,1887,2004-07,48.43,22.4
11,-106.1374,35.805,1887,2004-08,37.27,21
11,-106.1374,35.805,1887,2004-09,44.4,18
11,-106.1374,35.805,1887,2004-10,55.54,11
11,-106.1374,35.805,1887,2004-11,28.92,4.8
11,-106.1374,35.805,1887,2004-12,17.31,0
11,-106.1374,35.805,1887,2005-01,51.03,3.5
11,-106.1374,35.805,1887,2005-02,37.53,3.4
11,-106.1374,35.805,1887,2005-03,45.21,4.6
11,-106.1374,35.805,1887,2005-04,24.42,10.1
11,-106.1374,35.805,1887,2005-05,15.79,15.9
11,-106.1374,35.805,1887,2005-06,8.41,20.6
11,-106.1374,35.805,1887,2005-07,23.07,24.1
11,-106.1374,35.805,1887,2005-08,37.52,21.7
11,-106.1374,35.805,1887,2005-09,87.14,19.6
11,-106.1374,35.805,1887,2005-10,29.21,11.7
11,-106.1374,35.805,1887,2005-11,2.39,6.8
11,-106.1374,35.805,1887,2005-12,0.57,1
,,,,,,
12,-109.8827,38.705,1634,1991-01,19.88,-5.3
12,-109.8827,38.705,1634,1991-02,2.5,2.1
12,-109.8827,38.705,1634,1991-03,33.74,4.5
12,-109.8827,38.705,1634,1991-04,9.43,8.9
12,-109.8827,38.705,1634,1991-05,6.29,15.6
12,-109.8827,38.705,1634,1991-06,7.19,21.1
12,-109.8827,38.705,1634,1991-07,26.01,24.8
12,-109.8827,38.705,1634,1991-08,27.59,23.9
12,-109.8827,38.705,1634,1991-09,35.3,18.8
12,-109.8827,38.705,1634,1991-10,32.12,12.8
12,-109.8827,38.705,1634,1991-11,30.42,2.8
12,-109.8827,38.705,1634,1991-12,22.6,-3.2
12,-109.8827,38.705,1634,1992-01,10.25,-4.8
12,-109.8827,38.705,1634,1992-02,20.67,2.5
12,-109.8827,38.705,1634,1992-03,31.39,7.6
12,-109.8827,38.705,1634,1992-04,8.95,14.5
12,-109.8827,38.705,1634,1992-05,45.64,16.9
12,-109.8827,38.705,1634,1992-06,3.38,21.2
12,-109.8827,38.705,1634,1992-07,32.35,23.6
12,-109.8827,38.705,1634,1992-08,14.57,24.4
12,-109.8827,38.705,1634,1992-09,8.52,19.7
12,-109.8827,38.705,1634,1992-10,32.35,14.2
12,-109.8827,38.705,1634,1992-11,12.98,2.4
12,-109.8827,38.705,1634,1992-12,23.06,-3.3
12,-109.8827,38.705,1634,1993-01,54.63,-0.3
12,-109.8827,38.705,1634,1993-02,40.14,1.9
12,-109.8827,38.705,1634,1993-03,21.87,7.9
12,-109.8827,38.705,1634,1993-04,16.47,10.1
12,-109.8827,38.705,1634,1993-05,50.41,16.5
12,-109.8827,38.705,1634,1993-06,4.48,20.5
12,-109.8827,38.705,1634,1993-07,3.71,24.1
12,-109.8827,38.705,1634,1993-08,29.76,23.2
12,-109.8827,38.705,1634,1993-09,7.11,18.6
12,-109.8827,38.705,1634,1993-10,68.06,10.5
12,-109.8827,38.705,1634,1993-11,12.98,1.9
12,-109.8827,38.705,1634,1993-12,8.6,-1.3
12,-109.8827,38.705,1634,1994-01,7.69,-0.1
12,-109.8827,38.705,1634,1994-02,25.67,0.2
12,-109.8827,38.705,1634,1994-03,1.18,8.3
12,-109.8827,38.705,1634,1994-04,40.25,11.1
12,-109.8827,38.705,1634,1994-05,5.98,17.5
12,-109.8827,38.705,1634,1994-06,2.97,25
12,-109.8827,38.705,1634,1994-07,2.12,26.9
12,-109.8827,38.705,1634,1994-08,16.73,26.3
12,-109.8827,38.705,1634,1994-09,32.66,20
12,-109.8827,38.705,1634,1994-10,24.66,11
12,-109.8827,38.705,1634,1994-11,25.98,2.3
12,-109.8827,38.705,1634,1994-12,18.22,-0.2
12,-109.8827,38.705,1634,1995-01,21.68,-0.7
12,-109.8827,38.705,1634,1995-02,10.74,5.8
12,-109.8827,38.705,1634,1995-03,44.11,7.4
12,-109.8827,38.705,1634,1995-04,19.92,9.5
12,-109.8827,38.705,1634,1995-05,60.8,13
12,-109.8827,38.705,1634,1995-06,29.44,19.5
12,-109.8827,38.705,1634,1995-07,21.47,24.1
12,-109.8827,38.705,1634,1995-08,26.18,25.5
12,-109.8827,38.705,1634,1995-09,14.44,20.4
12,-109.8827,38.705,1634,1995-10,0,11.5
12,-109.8827,38.705,1634,1995-11,3.16,7.3
12,-109.8827,38.705,1634,1995-12,5.53,2
12,-109.8827,38.705,1634,1996-01,12.78,-0.6
12,-109.8827,38.705,1634,1996-02,24.5,4.1
12,-109.8827,38.705,1634,1996-03,18.96,6.5
12,-109.8827,38.705,1634,1996-04,17.45,10.8
12,-109.8827,38.705,1634,1996-05,20.53,18.6
12,-109.8827,38.705,1634,1996-06,12.23,23.9
12,-109.8827,38.705,1634,1996-07,9.26,27.2
12,-109.8827,38.705,1634,1996-08,10.24,25.8
12,-109.8827,38.705,1634,1996-09,39.22,17.6
12,-109.8827,38.705,1634,1996-10,40.9,11.2
12,-109.8827,38.705,1634,1996-11,32.56,5
12,-109.8827,38.705,1634,1996-12,10.46,-0.2
12,-109.8827,38.705,1634,1997-01,27.24,-1.2
12,-109.8827,38.705,1634,1997-02,14.38,0.8
12,-109.8827,38.705,1634,1997-03,4.39,7.9
12,-109.8827,38.705,1634,1997-04,39.3,8.4
12,-109.8827,38.705,1634,1997-05,18.83,17.6
12,-109.8827,38.705,1634,1997-06,9.42,22.8
12,-109.8827,38.705,1634,1997-07,20.6,24.7
12,-109.8827,38.705,1634,1997-08,36.62,23.6
12,-109.8827,38.705,1634,1997-09,65.89,19
12,-109.8827,38.705,1634,1997-10,33.16,11.6
12,-109.8827,38.705,1634,1997-11,18.23,4.5
12,-109.8827,38.705,1634,1997-12,11.02,-1.5
12,-109.8827,38.705,1634,1998-01,9.17,1
12,-109.8827,38.705,1634,1998-02,21.67,1.9
12,-109.8827,38.705,1634,1998-03,28.04,5.8
12,-109.8827,38.705,1634,1998-04,17.11,9.1
12,-109.8827,38.705,1634,1998-05,9.52,16.4
12,-109.8827,38.705,1634,1998-06,15.12,19.9
12,-109.8827,38.705,1634,1998-07,26.25,26.8
12,-109.8827,38.705,1634,1998-08,5.97,25.1
12,-109.8827,38.705,1634,1998-09,30.65,20.7
12,-109.8827,38.705,1634,1998-10,65.67,11.5
12,-109.8827,38.705,1634,1998-11,18.57,5.1
12,-109.8827,38.705,1634,1998-12,8.32,-1.3
12,-109.8827,38.705,1634,1999-01,8.37,1.3
12,-109.8827,38.705,1634,1999-02,8.89,3
12,-109.8827,38.705,1634,1999-03,3.35,9
12,-109.8827,38.705,1634,1999-04,53.33,8
12,-109.8827,38.705,1634,1999-05,7.52,14.5
12,-109.8827,38.705,1634,1999-06,27.95,21.4
12,-109.8827,38.705,1634,1999-07,44.96,25
12,-109.8827,38.705,1634,1999-08,53.2,22.6
12,-109.8827,38.705,1634,1999-09,21.21,18
12,-109.8827,38.705,1634,1999-10,0,13.1
12,-109.8827,38.705,1634,1999-11,1.8,7.1
12,-109.8827,38.705,1634,1999-12,12.36,-0.6
12,-109.8827,38.705,1634,2000-01,24.25,1
12,-109.8827,38.705,1634,2000-02,17.03,3.9
12,-109.8827,38.705,1634,2000-03,31.86,5.5
12,-109.8827,38.705,1634,2000-04,3.64,13.1
12,-109.8827,38.705,1634,2000-05,10.56,18.6
12,-109.8827,38.705,1634,2000-06,8.19,22.9
12,-109.8827,38.705,1634,2000-07,7.44,26.5
12,-109.8827,38.705,1634,2000-08,25.15,26.1
12,-109.8827,38.705,1634,2000-09,14,19.9
12,-109.8827,38.705,1634,2000-10,46.19,12.7
12,-109.8827,38.705,1634,2000-11,11.76,0.8
12,-109.8827,38.705,1634,2000-12,12.04,0.2
12,-109.8827,38.705,1634,2001-01,21.95,-1.4
12,-109.8827,38.705,1634,2001-02,19.45,2.1
12,-109.8827,38.705,1634,2001-03,25.53,7.2
12,-109.8827,38.705,1634,2001-04,19.27,11.5
12,-109.8827,38.705,1634,2001-05,23.55,18
12,-109.8827,38.705,1634,2001-06,5.76,23
12,-109.8827,38.705,1634,2001-07,37.01,25.9
12,-109.8827,38.705,1634,2001-08,42.72,24.2
12,-109.8827,38.705,1634,2001-09,6.95,21.2
12,-109.8827,38.705,1634,2001-10,6.66,13.7
12,-109.8827,38.705,1634,2001-11,25.23,6.8
12,-109.8827,38.705,1634,2001-12,15.43,-1.7
12,-109.8827,38.705,1634,2002-01,9.31,-2
12,-109.8827,38.705,1634,2002-02,1.21,-0.3
12,-109.8827,38.705,1634,2002-03,5.2,5
12,-109.8827,38.705,1634,2002-04,5.88,13.2
12,-109.8827,38.705,1634,2002-05,3.12,16.9
12,-109.8827,38.705,1634,2002-06,5.48,24.7
12,-109.8827,38.705,1634,2002-07,14,27.7
12,-109.8827,38.705,1634,2002-08,13.3,24.6
12,-109.8827,38.705,1634,2002-09,66.48,18.6
12,-109.8827,38.705,1634,2002-10,24.87,10.6
12,-109.8827,38.705,1634,2002-11,11.97,4
12,-109.8827,38.705,1634,2002-12,4.41,0.2
12,-109.8827,38.705,1634,2003-01,4.54,2.3
12,-109.8827,38.705,1634,2003-02,34.26,1.4
12,-109.8827,38.705,1634,2003-03,23.36,6.3
12,-109.8827,38.705,1634,2003-04,4.74,10.9
12,-109.8827,38.705,1634,2003-05,20.04,17.1
12,-109.8827,38.705,1634,2003-06,3.99,22.3
12,-109.8827,38.705,1634,2003-07,5.06,29.1
12,-109.8827,38.705,1634,2003-08,25.57,25.4
12,-109.8827,38.705,1634,2003-09,14.28,19.1
12,-109.8827,38.705,1634,2003-10,13.15,15.1
12,-109.8827,38.705,1634,2003-11,19.2,3.7
12,-109.8827,38.705,1634,2003-12,22.43,0.1
12,-109.8827,38.705,1634,2004-01,6.88,-2.7
12,-109.8827,38.705,1634,2004-02,24.72,0
12,-109.8827,38.705,1634,2004-03,1.55,10
12,-109.8827,38.705,1634,2004-04,53.9,11.3
12,-109.8827,38.705,1634,2004-05,6.38,17.5
12,-109.8827,38.705,1634,2004-06,9.99,22.2
12,-109.8827,38.705,1634,2004-07,8.56,25.4
12,-109.8827,38.705,1634,2004-08,11.09,23.5
12,-109.8827,38.705,1634,2004-09,37.58,18.6
12,-109.8827,38.705,1634,2004-10,35.1,11.7
12,-109.8827,38.705,1634,2004-11,40.08,4.5
12,-109.8827,38.705,1634,2004-12,16.39,-0.4
12,-109.8827,38.705,1634,2005-01,43.14,2.8
12,-109.8827,38.705,1634,2005-02,25.73,3.2
12,-109.8827,38.705,1634,2005-03,31.35,6.6
12,-109.8827,38.705,1634,2005-04,12.07,10.4
12,-109.8827,38.705,1634,2005-05,8.71,16.8
12,-109.8827,38.705,1634,2005-06,29.81,20.2
12,-109.8827,38.705,1634,2005-07,6.22,27.2
12,-109.8827,38.705,1634,2005-08,42.42,23.1
12,-109.8827,38.705,1634,2005-09,33.5,19.1
12,-109.8827,38.705,1634,2005-10,25.75,12.7
12,-109.8827,38.705,1634,2005-11,10.51,5.9
12,-109.8827,38.705,1634,2005-12,9.64,-0.5